Onderwerpen, Totale oppervlakte, Agrarisch terrein
Regio's, Perioden, ha, ha
Nederland, 1996, 4152618, 2360382
Nederland, 2000, 4152803, 2326047
Nederland, 2003, 4152795, 2304074
Nederland, 2006, 4154307, 2285799
Nederland, 2008, 4154307, 2275827
Nederland, 2010, 4154307, 2264376
Nederland, 2012, 4154302, 2252233
Nederland, 2015, 4154303, 2236317
Zuid-Nederland (LD), 1996, 729114, 459816
Zuid-Nederland (LD), 2000, 729098, 452040
Zuid-Nederland (LD), 2003, 729098, 448175
Zuid-Nederland (LD), 2006, 729098, 444968
Zuid-Nederland (LD), 2008, 729101, 442773
Zuid-Nederland (LD), 2010, 729098, 439646
Zuid-Nederland (LD), 2012, 729156, 436574
Zuid-Nederland (LD), 2015, 729156, 433845
Utrecht (PV), 1996, 143424, 84453
Utrecht (PV), 2000, 143942, 83272
Utrecht (PV), 2003, 144912, 84175
Utrecht (PV), 2006, 144912, 82833
Utrecht (PV), 2008, 144912, 82233
Utrecht (PV), 2010, 144912, 81672
Utrecht (PV), 2012, 144913, 81186
Utrecht (PV), 2015, 144913, 80572
Zuidoost-Noord-Brabant (CR), 1996, 137118, 75854
Zuidoost-Noord-Brabant (CR), 2000, 145783, 79324
Zuidoost-Noord-Brabant (CR), 2003, 145783, 78899
Zuidoost-Noord-Brabant (CR), 2006, 145783, 78398
Zuidoost-Noord-Brabant (CR), 2008, 145781, 77941
Zuidoost-Noord-Brabant (CR), 2010, 145783, 77367
Zuidoost-Noord-Brabant (CR), 2012, 145766, 76771
Zuidoost-Noord-Brabant (CR), 2015, 145766, 76382
Aa en Hunze, 1996, NaN, NaN
Aa en Hunze, 2000, 27886, 19559
Aa en Hunze, 2003, 27886, 19467
Aa en Hunze, 2006, 27886, 19293
Aa en Hunze, 2008, 27886, 19257
Aa en Hunze, 2010, 27886, 19127
Aa en Hunze, 2012, 27888, 19005
Aa en Hunze, 2015, 27888, 18751
Aalburg, 1996, 5313, 4482
Aalburg, 2000, 5313, 4443
Aalburg, 2003, 5313, 4397
Aalburg, 2006, 5313, 4386
Aalburg, 2008, 5313, 4381
Aalburg, 2010, 5313, 4383
Aalburg, 2012, 5317, 4370
Aalburg, 2015, 5317, 4335
Aalsmeer, 1996, 3391, 1133
Aalsmeer, 2000, 3391, 1076
Aalsmeer, 2003, 3224, 1099
Aalsmeer, 2006, 3224, 1013
Aalsmeer, 2008, 3224, 940
Aalsmeer, 2010, 3224, 890
Aalsmeer, 2012, 3229, 821
Aalsmeer, 2015, 3229, 799
Aalten, 1996, 8338, 7094
Aalten, 2000, 8337, 7066
Aalten, 2003, 8337, 7065
Aalten, 2006, 9709, 8097
Aalten, 2008, 9709, 8095
Aalten, 2010, 9709, 8084
Aalten, 2012, 9705, 8091
Aalten, 2015, 9705, 8063
Achtkarspelen, 1996, 10399, 9047
Achtkarspelen, 2000, 10399, 9005
Achtkarspelen, 2003, 10399, 8949
Achtkarspelen, 2006, 10399, 8808
Achtkarspelen, 2008, 10399, 8729
Achtkarspelen, 2010, 10399, 8649
Achtkarspelen, 2012, 10398, 8613
Achtkarspelen, 2015, 10398, 8554
Alblasserdam, 1996, 996, 367
Alblasserdam, 2000, 996, 359
Alblasserdam, 2003, 996, 316
Alblasserdam, 2006, 996, 302
Alblasserdam, 2008, 996, 302
Alblasserdam, 2010, 996, 301
Alblasserdam, 2012, 1006, 299
Alblasserdam, 2015, 1006, 299
Albrandswaard, 1996, 2375, 1454
Albrandswaard, 2000, 2375, 1357
Albrandswaard, 2003, 2375, 1289
Albrandswaard, 2006, 2375, 1107
Albrandswaard, 2008, 2375, 1103
Albrandswaard, 2010, 2375, 1089
Albrandswaard, 2012, 2376, 1063
Albrandswaard, 2015, 2376, 1076
Alkmaar, 1996, 2792, 545
Alkmaar, 2000, 3122, 725
Alkmaar, 2003, 3122, 633
Alkmaar, 2006, 3122, 559
Alkmaar, 2008, 3122, 523
Alkmaar, 2010, 3122, 495
Alkmaar, 2012, 3120, 466
Alkmaar, 2015, 11735, 7829
Almelo, 1996, 3879, 1589
Almelo, 2000, 3964, 1528
Almelo, 2003, 6940, 3793
Almelo, 2006, 6940, 3678
Almelo, 2008, 6940, 3610
Almelo, 2010, 6940, 3588
Almelo, 2012, 6941, 3556
Almelo, 2015, 6941, 3472
Almere, 1996, 24877, 5129
Almere, 2000, 24877, 4374
Almere, 2003, 24877, 3555
Almere, 2006, 24877, 3591
Almere, 2008, 24877, 3486
Almere, 2010, 24877, 3362
Almere, 2012, 24877, 3256
Almere, 2015, 24877, 3241
Alphen aan den Rijn, 1996, 5768, 3703
Alphen aan den Rijn, 2000, 5768, 3670
Alphen aan den Rijn, 2003, 5768, 3582
Alphen aan den Rijn, 2006, 5768, 3586
Alphen aan den Rijn, 2008, 5768, 3586
Alphen aan den Rijn, 2010, 5768, 3550
Alphen aan den Rijn, 2012, 5765, 3555
Alphen aan den Rijn, 2015, 13250, 9223
Alphen-Chaam, 1996, NaN, NaN
Alphen-Chaam, 2000, 9364, 6707
Alphen-Chaam, 2003, 9364, 6692
Alphen-Chaam, 2006, 9364, 6674
Alphen-Chaam, 2008, 9364, 6675
Alphen-Chaam, 2010, 9364, 6659
Alphen-Chaam, 2012, 9352, 6591
Alphen-Chaam, 2015, 9352, 6552
Ameland, 1996, 26850, 2099
Ameland, 2000, 26850, 2059
Ameland, 2003, 26850, 2045
Ameland, 2006, 26850, 2009
Ameland, 2008, 26850, 2025
Ameland, 2010, 26850, 2035
Ameland, 2012, 26850, 2024
Ameland, 2015, 26850, 1975
Amersfoort, 1996, 5665, 2156
Amersfoort, 2000, 6378, 2537
Amersfoort, 2003, 6378, 2414
Amersfoort, 2006, 6378, 2176
Amersfoort, 2008, 6378, 2102
Amersfoort, 2010, 6378, 2024
Amersfoort, 2012, 6386, 1975
Amersfoort, 2015, 6386, 1945
Amstelveen, 1996, 4237, 1935
Amstelveen, 2000, 4237, 1915
Amstelveen, 2003, 4405, 1821
Amstelveen, 2006, 4405, 1790
Amstelveen, 2008, 4405, 1732
Amstelveen, 2010, 4405, 1684
Amstelveen, 2012, 4408, 1601
Amstelveen, 2015, 4408, 1595
Amsterdam, 1996, 21236, 2996
Amsterdam, 2000, 21907, 2946
Amsterdam, 2003, 21907, 2825
Amsterdam, 2006, 21944, 2807
Amsterdam, 2008, 21944, 2822
Amsterdam, 2010, 21944, 2800
Amsterdam, 2012, 21932, 2686
Amsterdam, 2015, 21949, 2711
Apeldoorn, 1996, 34113, 8966
Apeldoorn, 2000, 34113, 8866
Apeldoorn, 2003, 34113, 8761
Apeldoorn, 2006, 34113, 8673
Apeldoorn, 2008, 34113, 8580
Apeldoorn, 2010, 34113, 8503
Apeldoorn, 2012, 34115, 8404
Apeldoorn, 2015, 34115, 8323
Appingedam, 1996, 2462, 1913
Appingedam, 2000, 2462, 1868
Appingedam, 2003, 2462, 1797
Appingedam, 2006, 2462, 1789
Appingedam, 2008, 2462, 1784
Appingedam, 2010, 2462, 1784
Appingedam, 2012, 2458, 1782
Appingedam, 2015, 2458, 1783
Arnhem, 1996, 10153, 2035
Arnhem, 2000, 10153, 1963
Arnhem, 2003, 10153, 1751
Arnhem, 2006, 10153, 1640
Arnhem, 2008, 10153, 1628
Arnhem, 2010, 10153, 1567
Arnhem, 2012, 10154, 1593
Arnhem, 2015, 10154, 1593
Assen, 1996, 5541, 2540
Assen, 2000, 8348, 4645
Assen, 2003, 8348, 4206
Assen, 2006, 8348, 4024
Assen, 2008, 8348, 3945
Assen, 2010, 8348, 3937
Assen, 2012, 8345, 3921
Assen, 2015, 8345, 3874
Asten, 1996, 7037, 4602
Asten, 2000, 7139, 4667
Asten, 2003, 7138, 4676
Asten, 2006, 7138, 4668
Asten, 2008, 7138, 4656
Asten, 2010, 7138, 4658
Asten, 2012, 7134, 4602
Asten, 2015, 7134, 4598
Baarle-Nassau, 1996, 7634, 6420
Baarle-Nassau, 2000, 7630, 6392
Baarle-Nassau, 2003, 7630, 6379
Baarle-Nassau, 2006, 7630, 6375
Baarle-Nassau, 2008, 7630, 6370
Baarle-Nassau, 2010, 7630, 6365
Baarle-Nassau, 2012, 7629, 6332
Baarle-Nassau, 2015, 7629, 6273
Baarn, 1996, 3332, 801
Baarn, 2000, 3303, 771
Baarn, 2003, 3303, 772
Baarn, 2006, 3303, 774
Baarn, 2008, 3303, 769
Baarn, 2010, 3303, 773
Baarn, 2012, 3301, 771
Baarn, 2015, 3301, 762
Barendrecht, 1996, 2172, 1058
Barendrecht, 2000, 2172, 695
Barendrecht, 2003, 2172, 516
Barendrecht, 2006, 2172, 446
Barendrecht, 2008, 2172, 434
Barendrecht, 2010, 2172, 423
Barendrecht, 2012, 2173, 406
Barendrecht, 2015, 2173, 320
Barneveld, 1996, 17675, 10027
Barneveld, 2000, 17674, 9949
Barneveld, 2003, 17674, 9892
Barneveld, 2006, 17674, 9862
Barneveld, 2008, 17674, 9819
Barneveld, 2010, 17674, 9723
Barneveld, 2012, 17669, 9657
Barneveld, 2015, 17666, 9566
Bedum, 1996, 4496, 4018
Bedum, 2000, 4496, 3943
Bedum, 2003, 4496, 3935
Bedum, 2006, 4496, 3912
Bedum, 2008, 4496, 3922
Bedum, 2010, 4496, 3896
Bedum, 2012, 4496, 3894
Bedum, 2015, 4496, 3896
Beek (L.), 1996, 2100, 1407
Beek (L.), 2000, 2100, 1356
Beek (L.), 2003, 2100, 1344
Beek (L.), 2006, 2100, 1332
Beek (L.), 2008, 2100, 1326
Beek (L.), 2010, 2100, 1302
Beek (L.), 2012, 2103, 1287
Beek (L.), 2015, 2103, 1284
Beemster, 1996, 7208, 6551
Beemster, 2000, 7208, 6539
Beemster, 2003, 7208, 6541
Beemster, 2006, 7208, 6524
Beemster, 2008, 7208, 6504
Beemster, 2010, 7208, 6499
Beemster, 2012, 7207, 6502
Beemster, 2015, 7207, 6478
Beesel, 1996, 2920, 2019
Beesel, 2000, 2920, 2007
Beesel, 2003, 2921, 1976
Beesel, 2006, 2921, 1904
Beesel, 2008, 2921, 1902
Beesel, 2010, 2921, 1856
Beesel, 2012, 2915, 1808
Beesel, 2015, 2915, 1814
Bellingwedde, 1996, 11007, 9644
Bellingwedde, 2000, 11007, 9423
Bellingwedde, 2003, 11007, 9334
Bellingwedde, 2006, 11007, 9294
Bellingwedde, 2008, 11007, 9284
Bellingwedde, 2010, 11007, 9442
Bellingwedde, 2012, 11009, 9431
Bellingwedde, 2015, 11009, 9561
Bergeijk, 1996, NaN, NaN
Bergeijk, 2000, 10176, 6293
Bergeijk, 2003, 10179, 6279
Bergeijk, 2006, 10179, 6272
Bergeijk, 2008, 10179, 6261
Bergeijk, 2010, 10179, 6234
Bergeijk, 2012, 10175, 6209
Bergeijk, 2015, 10175, 6168
Bergen (L.), 1996, 10942, 6022
Bergen (L.), 2000, 10942, 6010
Bergen (L.), 2003, 10942, 5989
Bergen (L.), 2006, 10942, 5864
Bergen (L.), 2008, 10942, 5828
Bergen (L.), 2010, 10842, 5721
Bergen (L.), 2012, 10850, 5698
Bergen (L.), 2015, 10850, 5572
Bergen (NH.), 1996, 3722, 1499
Bergen (NH.), 2000, 3722, 1499
Bergen (NH.), 2003, 11983, 4262
Bergen (NH.), 2006, 11983, 4262
Bergen (NH.), 2008, 11983, 4233
Bergen (NH.), 2010, 11983, 4203
Bergen (NH.), 2012, 12023, 4175
Bergen (NH.), 2015, 12023, 4170
Bergen op Zoom, 1996, 4711, 1063
Bergen op Zoom, 2000, 9313, 3587
Bergen op Zoom, 2003, 9313, 3581
Bergen op Zoom, 2006, 9313, 3553
Bergen op Zoom, 2008, 9313, 3396
Bergen op Zoom, 2010, 9313, 3443
Bergen op Zoom, 2012, 9313, 3324
Bergen op Zoom, 2015, 9313, 3312
Berkelland, 1996, NaN, NaN
Berkelland, 2000, NaN, NaN
Berkelland, 2003, NaN, NaN
Berkelland, 2006, 26043, 21621
Berkelland, 2008, 26043, 21563
Berkelland, 2010, 26043, 21449
Berkelland, 2012, 26053, 21407
Berkelland, 2015, 26053, 21313
Bernheze, 1996, 9038, 6881
Bernheze, 2000, 9038, 6831
Bernheze, 2003, 9038, 6776
Bernheze, 2006, 9038, 6741
Bernheze, 2008, 9038, 6699
Bernheze, 2010, 9038, 6667
Bernheze, 2012, 9041, 6657
Bernheze, 2015, 9041, 6612
Best, 1996, 3575, 1694
Best, 2000, 3497, 1594
Best, 2003, 3497, 1588
Best, 2006, 3512, 1580
Best, 2008, 3512, 1566
Best, 2010, 3512, 1548
Best, 2012, 3510, 1513
Best, 2015, 3510, 1504
Beuningen, 1996, 4717, 3247
Beuningen, 2000, 4717, 3216
Beuningen, 2003, 4717, 3203
Beuningen, 2006, 4717, 3136
Beuningen, 2008, 4717, 3118
Beuningen, 2010, 4717, 3061
Beuningen, 2012, 4709, 3075
Beuningen, 2015, 4709, 3052
Beverwijk, 1996, 2035, 497
Beverwijk, 2000, 2035, 447
Beverwijk, 2003, 2035, 391
Beverwijk, 2006, 2038, 389
Beverwijk, 2008, 2038, 390
Beverwijk, 2010, 2038, 406
Beverwijk, 2012, 2009, 395
Beverwijk, 2015, 2009, 384
het Bildt, 1996, 11651, 8386
het Bildt, 2000, 11651, 8368
het Bildt, 2003, 11651, 8327
het Bildt, 2006, 11651, 8274
het Bildt, 2008, 11651, 8285
het Bildt, 2010, 11651, 8260
het Bildt, 2012, 11648, 8256
het Bildt, 2015, 11648, 8257
De Bilt, 1996, 2703, 591
De Bilt, 2000, 2701, 590
De Bilt, 2003, 6710, 3499
De Bilt, 2006, 6710, 3499
De Bilt, 2008, 6710, 3479
De Bilt, 2010, 6710, 3461
De Bilt, 2012, 6713, 3434
De Bilt, 2015, 6713, 3425
Binnenmaas, 1996, 5491, 4144
Binnenmaas, 2000, 5491, 4086
Binnenmaas, 2003, 5491, 3977
Binnenmaas, 2006, 5491, 3971
Binnenmaas, 2008, 7559, 5469
Binnenmaas, 2010, 7559, 5491
Binnenmaas, 2012, 7557, 5485
Binnenmaas, 2015, 7557, 5401
Bladel, 1996, NaN, NaN
Bladel, 2000, 7571, 4437
Bladel, 2003, 7571, 4395
Bladel, 2006, 7571, 4383
Bladel, 2008, 7571, 4357
Bladel, 2010, 7571, 4347
Bladel, 2012, 7562, 4293
Bladel, 2015, 7562, 4246
Blaricum, 1996, 1558, 400
Blaricum, 2000, 1558, 396
Blaricum, 2003, 1558, 389
Blaricum, 2006, 1558, 399
Blaricum, 2008, 1558, 384
Blaricum, 2010, 1558, 331
Blaricum, 2012, 1556, 329
Blaricum, 2015, 1556, 329
Bloemendaal, 1996, 4329, 420
Bloemendaal, 2000, 4329, 418
Bloemendaal, 2003, 4329, 431
Bloemendaal, 2006, 4329, 434
Bloemendaal, 2008, 4329, 438
Bloemendaal, 2010, 4508, 442
Bloemendaal, 2012, 4521, 433
Bloemendaal, 2015, 4523, 425
Bodegraven-Reeuwijk, 1996, NaN, NaN
Bodegraven-Reeuwijk, 2000, NaN, NaN
Bodegraven-Reeuwijk, 2003, NaN, NaN
Bodegraven-Reeuwijk, 2006, NaN, NaN
Bodegraven-Reeuwijk, 2008, NaN, NaN
Bodegraven-Reeuwijk, 2010, NaN, NaN
Bodegraven-Reeuwijk, 2012, 8864, 6357
Bodegraven-Reeuwijk, 2015, 8864, 6294
Boekel, 1996, 3452, 2982
Boekel, 2000, 3452, 2969
Boekel, 2003, 3452, 2967
Boekel, 2006, 3452, 2958
Boekel, 2008, 3452, 2943
Boekel, 2010, 3452, 2935
Boekel, 2012, 3452, 2922
Boekel, 2015, 3452, 2920
Ten Boer, 1996, 4571, 4150
Ten Boer, 2000, 4571, 4148
Ten Boer, 2003, 4571, 4136
Ten Boer, 2006, 4571, 4111
Ten Boer, 2008, 4571, 4111
Ten Boer, 2010, 4571, 4105
Ten Boer, 2012, 4573, 4109
Ten Boer, 2015, 4573, 4110
Borger-Odoorn, 1996, NaN, NaN
Borger-Odoorn, 2000, 27793, 21710
Borger-Odoorn, 2003, 27792, 21553
Borger-Odoorn, 2006, 27792, 21570
Borger-Odoorn, 2008, 27792, 21583
Borger-Odoorn, 2010, 27792, 21432
Borger-Odoorn, 2012, 27789, 21409
Borger-Odoorn, 2015, 27789, 21283
Borne, 1996, 4171, 3121
Borne, 2000, 4085, 3023
Borne, 2003, 2615, 1767
Borne, 2006, 2615, 1745
Borne, 2008, 2615, 1709
Borne, 2010, 2615, 1679
Borne, 2012, 2616, 1641
Borne, 2015, 2616, 1614
Borsele, 1996, 19451, 12032
Borsele, 2000, 19444, 11913
Borsele, 2003, 19444, 11900
Borsele, 2006, 19442, 11847
Borsele, 2008, 19442, 11834
Borsele, 2010, 19442, 11815
Borsele, 2012, 19452, 11825
Borsele, 2015, 19452, 11667
Boxmeer, 1996, 5892, 4555
Boxmeer, 2000, 11395, 8272
Boxmeer, 2003, 11395, 8213
Boxmeer, 2006, 11395, 8223
Boxmeer, 2008, 11395, 8191
Boxmeer, 2010, 11395, 8177
Boxmeer, 2012, 11384, 8097
Boxmeer, 2015, 11384, 8089
Boxtel, 1996, 6477, 3715
Boxtel, 2000, 6477, 3579
Boxtel, 2003, 6477, 3665
Boxtel, 2006, 6477, 3644
Boxtel, 2008, 6477, 3637
Boxtel, 2010, 6477, 3624
Boxtel, 2012, 6485, 3590
Boxtel, 2015, 6485, 3553
Breda, 1996, 7641, 2954
Breda, 2000, 12915, 6350
Breda, 2003, 12915, 6101
Breda, 2006, 12915, 6024
Breda, 2008, 12915, 5941
Breda, 2010, 12915, 5943
Breda, 2012, 12868, 5810
Breda, 2015, 12868, 5620
Brielle, 1996, 3112, 1962
Brielle, 2000, 3112, 1951
Brielle, 2003, 3112, 1948
Brielle, 2006, 3112, 1941
Brielle, 2008, 3112, 1917
Brielle, 2010, 3112, 1925
Brielle, 2012, 3114, 1889
Brielle, 2015, 3114, 1883
Bronckhorst, 1996, NaN, NaN
Bronckhorst, 2000, NaN, NaN
Bronckhorst, 2003, NaN, NaN
Bronckhorst, 2006, 28641, 22921
Bronckhorst, 2008, 28641, 22914
Bronckhorst, 2010, 28641, 22861
Bronckhorst, 2012, 28642, 22803
Bronckhorst, 2015, 28642, 22758
Brummen, 1996, 8510, 5968
Brummen, 2000, 8510, 5966
Brummen, 2003, 8510, 5963
Brummen, 2006, 8510, 5954
Brummen, 2008, 8510, 5952
Brummen, 2010, 8510, 5915
Brummen, 2012, 8501, 5903
Brummen, 2015, 8501, 5749
Brunssum, 1996, 1729, 233
Brunssum, 2000, 1729, 196
Brunssum, 2003, 1729, 186
Brunssum, 2006, 1729, 186
Brunssum, 2008, 1729, 186
Brunssum, 2010, 1729, 179
Brunssum, 2012, 1734, 182
Brunssum, 2015, 1734, 150
Bunnik, 1996, 3757, 2958
Bunnik, 2000, 3757, 2944
Bunnik, 2003, 3757, 2914
Bunnik, 2006, 3757, 2892
Bunnik, 2008, 3757, 2893
Bunnik, 2010, 3757, 2890
Bunnik, 2012, 3757, 2884
Bunnik, 2015, 3757, 2852
Bunschoten, 1996, 3559, 2599
Bunschoten, 2000, 3488, 2527
Bunschoten, 2003, 3488, 2506
Bunschoten, 2006, 3488, 2503
Bunschoten, 2008, 3488, 2491
Bunschoten, 2010, 3488, 2473
Bunschoten, 2012, 3481, 2466
Bunschoten, 2015, 3481, 2435
Buren, 1996, 6168, 5240
Buren, 2000, 14293, 11719
Buren, 2003, 14293, 11698
Buren, 2006, 14293, 11684
Buren, 2008, 14293, 11682
Buren, 2010, 14293, 11641
Buren, 2012, 14292, 11546
Buren, 2015, 14292, 11514
Bussum, 1996, 811, 42
Bussum, 2000, 811, 41
Bussum, 2003, 811, 43
Bussum, 2006, 811, 40
Bussum, 2008, 811, 40
Bussum, 2010, 811, 40
Bussum, 2012, 815, 41
Bussum, 2015, 815, 41
Capelle aan den IJssel, 1996, 1552, 115
Capelle aan den IJssel, 2000, 1541, 93
Capelle aan den IJssel, 2003, 1542, 76
Capelle aan den IJssel, 2006, 1542, 73
Capelle aan den IJssel, 2008, 1542, 72
Capelle aan den IJssel, 2010, 1542, 64
Capelle aan den IJssel, 2012, 1540, 64
Capelle aan den IJssel, 2015, 1540, 63
Castricum, 1996, 3582, 839
Castricum, 2000, 3582, 828
Castricum, 2003, 5992, 2367
Castricum, 2006, 5992, 2354
Castricum, 2008, 5992, 2349
Castricum, 2010, 5992, 2346
Castricum, 2012, 6040, 2329
Castricum, 2015, 6040, 2319
Coevorden, 1996, 4061, 3068
Coevorden, 2000, 29968, 23645
Coevorden, 2003, 29968, 23494
Coevorden, 2006, 29968, 23442
Coevorden, 2008, 29968, 23393
Coevorden, 2010, 29968, 23096
Coevorden, 2012, 29969, 23081
Coevorden, 2015, 29969, 22950
Cranendonck, 1996, NaN, NaN
Cranendonck, 2000, 7814, 3800
Cranendonck, 2003, 7814, 3780
Cranendonck, 2006, 7814, 3776
Cranendonck, 2008, 7814, 3772
Cranendonck, 2010, 7814, 3752
Cranendonck, 2012, 7805, 3739
Cranendonck, 2015, 7805, 3713
Cromstrijen, 1996, 7031, 4780
Cromstrijen, 2000, 7031, 4773
Cromstrijen, 2003, 7031, 4738
Cromstrijen, 2006, 7031, 4724
Cromstrijen, 2008, 7031, 4720
Cromstrijen, 2010, 7031, 4637
Cromstrijen, 2012, 7033, 4628
Cromstrijen, 2015, 7033, 4599
Cuijk, 1996, 5700, 4104
Cuijk, 2000, 5700, 3912
Cuijk, 2003, 5700, 3733
Cuijk, 2006, 5700, 3675
Cuijk, 2008, 5700, 3682
Cuijk, 2010, 5700, 3662
Cuijk, 2012, 5707, 3706
Cuijk, 2015, 5707, 3685
Culemborg, 1996, 3118, 2068
Culemborg, 2000, 3118, 1930
Culemborg, 2003, 3118, 1920
Culemborg, 2006, 3118, 1895
Culemborg, 2008, 3118, 1868
Culemborg, 2010, 3118, 1905
Culemborg, 2012, 3114, 1849
Culemborg, 2015, 3114, 1839
Dalfsen, 1996, 13230, 10686
Dalfsen, 2000, 13898, 11249
Dalfsen, 2003, 16650, 13615
Dalfsen, 2006, 16650, 13566
Dalfsen, 2008, 16650, 13560
Dalfsen, 2010, 16650, 13512
Dalfsen, 2012, 16652, 13471
Dalfsen, 2015, 16652, 13430
Dantumadiel, 1996, NaN, NaN
Dantumadiel, 2000, NaN, NaN
Dantumadiel, 2003, NaN, NaN
Dantumadiel, 2006, NaN, NaN
Dantumadiel, 2008, NaN, NaN
Dantumadiel, 2010, 8749, 7111
Dantumadiel, 2012, 8753, 7082
Dantumadiel, 2015, 8753, 7049
Delft, 1996, 2631, 767
Delft, 2000, 2631, 700
Delft, 2003, 2631, 663
Delft, 2006, 2408, 283
Delft, 2008, 2408, 255
Delft, 2010, 2408, 260
Delft, 2012, 2406, 229
Delft, 2015, 2406, 200
Delfzijl, 1996, 22747, 10713
Delfzijl, 2000, 22748, 10595
Delfzijl, 2003, 22748, 10362
Delfzijl, 2006, 22748, 10319
Delfzijl, 2008, 22748, 10260
Delfzijl, 2010, 22748, 10303
Delfzijl, 2012, 22750, 10347
Delfzijl, 2015, 22750, 10392
Deurne, 1996, 11795, 7641
Deurne, 2000, 11837, 7703
Deurne, 2003, 11837, 7660
Deurne, 2006, 11837, 7640
Deurne, 2008, 11837, 7618
Deurne, 2010, 11837, 7556
Deurne, 2012, 11836, 7515
Deurne, 2015, 11836, 7505
Deventer, 1996, 3686, 1547
Deventer, 2000, 10792, 6684
Deventer, 2003, 10792, 6658
Deventer, 2006, 13437, 8760
Deventer, 2008, 13437, 8733
Deventer, 2010, 13432, 8699
Deventer, 2012, 13433, 8565
Deventer, 2015, 13433, 8474
Diemen, 1996, 1425, 344
Diemen, 2000, 1403, 250
Diemen, 2003, 1403, 223
Diemen, 2006, 1403, 215
Diemen, 2008, 1403, 215
Diemen, 2010, 1403, 212
Diemen, 2012, 1404, 226
Diemen, 2015, 1404, 212
Dinkelland, 1996, NaN, NaN
Dinkelland, 2000, NaN, NaN
Dinkelland, 2003, 17681, 14368
Dinkelland, 2006, 17681, 14372
Dinkelland, 2008, 17681, 14338
Dinkelland, 2010, 17681, 14295
Dinkelland, 2012, 17683, 14280
Dinkelland, 2015, 17683, 14268
Doesburg, 1996, 1290, 767
Doesburg, 2000, 1290, 764
Doesburg, 2003, 1290, 749
Doesburg, 2006, 1290, 755
Doesburg, 2008, 1290, 756
Doesburg, 2010, 1290, 755
Doesburg, 2012, 1296, 737
Doesburg, 2015, 1296, 737
Doetinchem, 1996, 5277, 3027
Doetinchem, 2000, 5277, 2940
Doetinchem, 2003, 5277, 2930
Doetinchem, 2006, 7967, 5099
Doetinchem, 2008, 7967, 5089
Doetinchem, 2010, 7967, 5074
Doetinchem, 2012, 7966, 5009
Doetinchem, 2015, 7966, 4968
Dongen, 1996, 2472, 1642
Dongen, 2000, 2972, 2079
Dongen, 2003, 2972, 2067
Dongen, 2006, 2972, 2050
Dongen, 2008, 2972, 2042
Dongen, 2010, 2972, 2025
Dongen, 2012, 2972, 2022
Dongen, 2015, 2974, 2013
Dongeradeel, 1996, 26694, 14341
Dongeradeel, 2000, 26694, 14142
Dongeradeel, 2003, 26694, 14096
Dongeradeel, 2006, 26694, 14072
Dongeradeel, 2008, 26694, 14022
Dongeradeel, 2010, 26694, 14005
Dongeradeel, 2012, 26692, 13985
Dongeradeel, 2015, 26692, 14011
Dordrecht, 1996, 9945, 3563
Dordrecht, 2000, 9945, 3342
Dordrecht, 2003, 9945, 3105
Dordrecht, 2006, 9945, 3046
Dordrecht, 2008, 9945, 3062
Dordrecht, 2010, 9945, 2984
Dordrecht, 2012, 9947, 2789
Dordrecht, 2015, 9947, 2785
Drechterland, 1996, 2408, 2097
Drechterland, 2000, 2407, 2089
Drechterland, 2003, 2408, 2059
Drechterland, 2006, 8072, 5212
Drechterland, 2008, 8072, 5154
Drechterland, 2010, 8072, 5135
Drechterland, 2012, 8074, 5090
Drechterland, 2015, 8059, 5082
Drimmelen, 1996, NaN, NaN
Drimmelen, 2000, 11920, 7216
Drimmelen, 2003, 11920, 7026
Drimmelen, 2006, 11920, 7035
Drimmelen, 2008, 11937, 7036
Drimmelen, 2010, 11937, 6765
Drimmelen, 2012, 11943, 6839
Drimmelen, 2015, 11943, 6747
Dronten, 1996, 42386, 27088
Dronten, 2000, 42386, 26945
Dronten, 2003, 42386, 26789
Dronten, 2006, 42386, 26717
Dronten, 2008, 42386, 26485
Dronten, 2010, 42386, 26477
Dronten, 2012, 42389, 26583
Dronten, 2015, 42389, 26451
Druten, 1996, 4243, 2897
Druten, 2000, 4243, 2861
Druten, 2003, 4243, 2841
Druten, 2006, 4243, 2815
Druten, 2008, 4243, 2795
Druten, 2010, 4243, 2776
Druten, 2012, 4246, 2784
Druten, 2015, 4246, 2734
Duiven, 1996, 3515, 2523
Duiven, 2000, 3515, 2489
Duiven, 2003, 3515, 2370
Duiven, 2006, 3515, 2345
Duiven, 2008, 3515, 2322
Duiven, 2010, 3515, 2295
Duiven, 2012, 3519, 2304
Duiven, 2015, 3519, 2309
Echt-Susteren, 1996, NaN, NaN
Echt-Susteren, 2000, NaN, NaN
Echt-Susteren, 2003, 10380, 7283
Echt-Susteren, 2006, 10460, 7236
Echt-Susteren, 2008, 10460, 7237
Echt-Susteren, 2010, 10460, 7184
Echt-Susteren, 2012, 10462, 7143
Echt-Susteren, 2015, 10462, 7113
Edam-Volendam, 1996, 2478, 1010
Edam-Volendam, 2000, 2478, 1003
Edam-Volendam, 2003, 2478, 1006
Edam-Volendam, 2006, 2478, 995
Edam-Volendam, 2008, 2478, 994
Edam-Volendam, 2010, 2478, 953
Edam-Volendam, 2012, 2478, 947
Edam-Volendam, 2015, 2478, 942
Ede, 1996, 32048, 11824
Ede, 2000, 31868, 11493
Ede, 2003, 31868, 11413
Ede, 2006, 31868, 11327
Ede, 2008, 31868, 11230
Ede, 2010, 31868, 11209
Ede, 2012, 31862, 11030
Ede, 2015, 31862, 10976
Eemnes, 1996, 3367, 2649
Eemnes, 2000, 3367, 2597
Eemnes, 2003, 3367, 2581
Eemnes, 2006, 3367, 2577
Eemnes, 2008, 3367, 2560
Eemnes, 2010, 3367, 2554
Eemnes, 2012, 3370, 2539
Eemnes, 2015, 3370, 2546
Eemsmond, 1996, 55124, 15477
Eemsmond, 2000, 55124, 15423
Eemsmond, 2003, 55124, 15391
Eemsmond, 2006, 54336, 15392
Eemsmond, 2008, 54336, 15416
Eemsmond, 2010, 54336, 15359
Eemsmond, 2012, 54335, 15328
Eemsmond, 2015, 54335, 15363
Eersel, 1996, 3608, 2099
Eersel, 2000, 8328, 5203
Eersel, 2003, 8328, 5203
Eersel, 2006, 8328, 5163
Eersel, 2008, 8328, 5153
Eersel, 2010, 8328, 5129
Eersel, 2012, 8333, 5079
Eersel, 2015, 8333, 5047
Eijsden-Margraten, 1996, NaN, NaN
Eijsden-Margraten, 2000, NaN, NaN
Eijsden-Margraten, 2003, NaN, NaN
Eijsden-Margraten, 2006, NaN, NaN
Eijsden-Margraten, 2008, NaN, NaN
Eijsden-Margraten, 2010, NaN, NaN
Eijsden-Margraten, 2012, 7841, 6109
Eijsden-Margraten, 2015, 7841, 6096
Eindhoven, 1996, 8795, 1837
Eindhoven, 2000, 8827, 1463
Eindhoven, 2003, 8827, 1457
Eindhoven, 2006, 8884, 1302
Eindhoven, 2008, 8884, 1233
Eindhoven, 2010, 8884, 1242
Eindhoven, 2012, 8887, 1257
Eindhoven, 2015, 8887, 1258
Elburg, 1996, 6595, 3072
Elburg, 2000, 6595, 3070
Elburg, 2003, 6595, 3040
Elburg, 2006, 6595, 3017
Elburg, 2008, 6595, 3016
Elburg, 2010, 6595, 2995
Elburg, 2012, 6591, 2972
Elburg, 2015, 6591, 2963
Emmen, 1996, 28052, 20307
Emmen, 2000, 34629, 24497
Emmen, 2003, 34629, 24127
Emmen, 2006, 34629, 23934
Emmen, 2008, 34629, 23850
Emmen, 2010, 34629, 23662
Emmen, 2012, 34626, 23589
Emmen, 2015, 34626, 23549
Enkhuizen, 1996, 11604, 747
Enkhuizen, 2000, 11604, 698
Enkhuizen, 2003, 11604, 679
Enkhuizen, 2006, 11604, 688
Enkhuizen, 2008, 11604, 673
Enkhuizen, 2010, 11604, 682
Enkhuizen, 2012, 11625, 681
Enkhuizen, 2015, 11625, 677
Enschede, 1996, 14147, 7509
Enschede, 2000, 14147, 7298
Enschede, 2003, 14275, 7157
Enschede, 2006, 14275, 7008
Enschede, 2008, 14275, 6992
Enschede, 2010, 14275, 6929
Enschede, 2012, 14272, 6916
Enschede, 2015, 14272, 6913
Epe, 1996, 15725, 7156
Epe, 2000, 15725, 7153
Epe, 2003, 15725, 7075
Epe, 2006, 15725, 7012
Epe, 2008, 15725, 6993
Epe, 2010, 15725, 6901
Epe, 2012, 15737, 6885
Epe, 2015, 15737, 6837
Ermelo, 1996, 8738, 2105
Ermelo, 2000, 8738, 2089
Ermelo, 2003, 8738, 2095
Ermelo, 2006, 8738, 2076
Ermelo, 2008, 8738, 2064
Ermelo, 2010, 8738, 2047
Ermelo, 2012, 8733, 2044
Ermelo, 2015, 8733, 2005
Etten-Leur, 1996, 5897, 4600
Etten-Leur, 2000, 5588, 4081
Etten-Leur, 2003, 5588, 3978
Etten-Leur, 2006, 5588, 3931
Etten-Leur, 2008, 5588, 3933
Etten-Leur, 2010, 5588, 3877
Etten-Leur, 2012, 5592, 3852
Etten-Leur, 2015, 5592, 3829
Ferwerderadiel, 1996, NaN, NaN
Ferwerderadiel, 2000, 13318, 8434
Ferwerderadiel, 2003, 13318, 8279
Ferwerderadiel, 2006, 13318, 8286
Ferwerderadiel, 2008, 13318, 8276
Ferwerderadiel, 2010, 13318, 8256
Ferwerderadiel, 2012, 13318, 7992
Ferwerderadiel, 2015, 13318, 7963
Franekeradeel, 1996, 10916, 9251
Franekeradeel, 2000, 10916, 9192
Franekeradeel, 2003, 10916, 9162
Franekeradeel, 2006, 10916, 9150
Franekeradeel, 2008, 10916, 9145
Franekeradeel, 2010, 10916, 9050
Franekeradeel, 2012, 10917, 9054
Franekeradeel, 2015, 10917, 9166
De Friese Meren, 1996, NaN, NaN
De Friese Meren, 2000, NaN, NaN
De Friese Meren, 2003, NaN, NaN
De Friese Meren, 2006, NaN, NaN
De Friese Meren, 2008, NaN, NaN
De Friese Meren, 2010, NaN, NaN
De Friese Meren, 2012, NaN, NaN
De Friese Meren, 2015, 54910, 29262
Geertruidenberg, 1996, 552, 206
Geertruidenberg, 2000, 2986, 1647
Geertruidenberg, 2003, 2986, 1602
Geertruidenberg, 2006, 2986, 1600
Geertruidenberg, 2008, 2969, 1593
Geertruidenberg, 2010, 2969, 1579
Geertruidenberg, 2012, 2964, 1572
Geertruidenberg, 2015, 2964, 1574
Geldermalsen, 1996, 10167, 8036
Geldermalsen, 2000, 10167, 7956
Geldermalsen, 2003, 10167, 7800
Geldermalsen, 2006, 10167, 7772
Geldermalsen, 2008, 10167, 7835
Geldermalsen, 2010, 10167, 7808
Geldermalsen, 2012, 10173, 7834
Geldermalsen, 2015, 10173, 7786
Geldrop-Mierlo, 1996, NaN, NaN
Geldrop-Mierlo, 2000, NaN, NaN
Geldrop-Mierlo, 2003, NaN, NaN
Geldrop-Mierlo, 2006, 3139, 1095
Geldrop-Mierlo, 2008, 3139, 1079
Geldrop-Mierlo, 2010, 3139, 1080
Geldrop-Mierlo, 2012, 3139, 1045
Geldrop-Mierlo, 2015, 3139, 1040
Gemert-Bakel, 1996, NaN, NaN
Gemert-Bakel, 2000, 12336, 8123
Gemert-Bakel, 2003, 12336, 8137
Gemert-Bakel, 2006, 12336, 8120
Gemert-Bakel, 2008, 12336, 8077
Gemert-Bakel, 2010, 12336, 7898
Gemert-Bakel, 2012, 12334, 7844
Gemert-Bakel, 2015, 12334, 7821
Gennep, 1996, 5041, 3373
Gennep, 2000, 5040, 3345
Gennep, 2003, 5040, 3282
Gennep, 2006, 5040, 3249
Gennep, 2008, 5040, 3274
Gennep, 2010, 5040, 3231
Gennep, 2012, 5042, 3221
Gennep, 2015, 5042, 3197
Giessenlanden, 1996, 6512, 5791
Giessenlanden, 2000, 6512, 5753
Giessenlanden, 2003, 6512, 5723
Giessenlanden, 2006, 6512, 5738
Giessenlanden, 2008, 6512, 5716
Giessenlanden, 2010, 6512, 5702
Giessenlanden, 2012, 6511, 5684
Giessenlanden, 2015, 6511, 5684
Gilze en Rijen, 1996, 7112, 4384
Gilze en Rijen, 2000, 6567, 3830
Gilze en Rijen, 2003, 6567, 3796
Gilze en Rijen, 2006, 6567, 3755
Gilze en Rijen, 2008, 6567, 3748
Gilze en Rijen, 2010, 6567, 3703
Gilze en Rijen, 2012, 6566, 3654
Gilze en Rijen, 2015, 6566, 3694
Goeree-Overflakkee, 1996, NaN, NaN
Goeree-Overflakkee, 2000, NaN, NaN
Goeree-Overflakkee, 2003, NaN, NaN
Goeree-Overflakkee, 2006, NaN, NaN
Goeree-Overflakkee, 2008, NaN, NaN
Goeree-Overflakkee, 2010, NaN, NaN
Goeree-Overflakkee, 2012, NaN, NaN
Goeree-Overflakkee, 2015, 42235, 18285
Goes, 1996, 10208, 7223
Goes, 2000, 10204, 7165
Goes, 2003, 10204, 7067
Goes, 2006, 10209, 7064
Goes, 2008, 10209, 6972
Goes, 2010, 10209, 6962
Goes, 2012, 10192, 6962
Goes, 2015, 10192, 6893
Goirle, 1996, 2570, 1090
Goirle, 2000, 4219, 2460
Goirle, 2003, 4224, 2452
Goirle, 2006, 4224, 2434
Goirle, 2008, 4224, 2447
Goirle, 2010, 4224, 2443
Goirle, 2012, 4235, 2425
Goirle, 2015, 4235, 2382
Gorinchem, 1996, 2199, 921
Gorinchem, 2000, 2199, 879
Gorinchem, 2003, 2199, 806
Gorinchem, 2006, 2199, 811
Gorinchem, 2008, 2199, 782
Gorinchem, 2010, 2199, 750
Gorinchem, 2012, 2193, 718
Gorinchem, 2015, 2193, 735
Gouda, 1996, 1810, 408
Gouda, 2000, 1810, 396
Gouda, 2003, 1810, 364
Gouda, 2006, 1810, 351
Gouda, 2008, 1810, 353
Gouda, 2010, 1810, 345
Gouda, 2012, 1811, 338
Gouda, 2015, 1811, 308
Grave, 1996, 2804, 2058
Grave, 2000, 2804, 2040
Grave, 2003, 2804, 2051
Grave, 2006, 2804, 2045
Grave, 2008, 2804, 2044
Grave, 2010, 2804, 2049
Grave, 2012, 2803, 2035
Grave, 2015, 2803, 2041
's-Gravenhage (gemeente), 1996, 8261, 431
's-Gravenhage (gemeente), 2000, 8261, 279
's-Gravenhage (gemeente), 2003, 9822, 353
's-Gravenhage (gemeente), 2006, 9820, 261
's-Gravenhage (gemeente), 2008, 9820, 242
's-Gravenhage (gemeente), 2010, 9818, 253
's-Gravenhage (gemeente), 2012, 9814, 212
's-Gravenhage (gemeente), 2015, 9813, 164
Groesbeek, 1996, 4411, 2243
Groesbeek, 2000, 4412, 2236
Groesbeek, 2003, 4412, 2420
Groesbeek, 2006, 4412, 2210
Groesbeek, 2008, 4412, 2199
Groesbeek, 2010, 4412, 2163
Groesbeek, 2012, 4415, 2169
Groesbeek, 2015, 9331, 4967
Groningen (gemeente), 1996, 8276, 3369
Groningen (gemeente), 2000, 8369, 3095
Groningen (gemeente), 2003, 8369, 2903
Groningen (gemeente), 2006, 8369, 2888
Groningen (gemeente), 2008, 8369, 2815
Groningen (gemeente), 2010, 8372, 2758
Groningen (gemeente), 2012, 8375, 2680
Groningen (gemeente), 2015, 8375, 2783
Grootegast, 1996, 8778, 8055
Grootegast, 2000, 8778, 7997
Grootegast, 2003, 8778, 7960
Grootegast, 2006, 8778, 7884
Grootegast, 2008, 8778, 7888
Grootegast, 2010, 8777, 7878
Grootegast, 2012, 8774, 7867
Grootegast, 2015, 8774, 7888
Gulpen-Wittem, 1996, NaN, NaN
Gulpen-Wittem, 2000, 7337, 5927
Gulpen-Wittem, 2003, 7337, 5888
Gulpen-Wittem, 2006, 7337, 5876
Gulpen-Wittem, 2008, 7337, 5876
Gulpen-Wittem, 2010, 7337, 5845
Gulpen-Wittem, 2012, 7336, 5868
Gulpen-Wittem, 2015, 7336, 5859
Haaksbergen, 1996, 10550, 7472
Haaksbergen, 2000, 10548, 7415
Haaksbergen, 2003, 10548, 7348
Haaksbergen, 2006, 10548, 7263
Haaksbergen, 2008, 10548, 7259
Haaksbergen, 2010, 10548, 7226
Haaksbergen, 2012, 10550, 7203
Haaksbergen, 2015, 10550, 7169
Haaren, 1996, 4975, 3602
Haaren, 2000, 5853, 4245
Haaren, 2003, 5853, 4243
Haaren, 2006, 5853, 4230
Haaren, 2008, 5853, 4230
Haaren, 2010, 5853, 4219
Haaren, 2012, 5856, 4193
Haaren, 2015, 5856, 4165
Haarlem, 1996, 3211, 464
Haarlem, 2000, 3211, 435
Haarlem, 2003, 3211, 439
Haarlem, 2006, 3212, 440
Haarlem, 2008, 3212, 440
Haarlem, 2010, 3209, 443
Haarlem, 2012, 3209, 426
Haarlem, 2015, 3209, 418
Haarlemmerliede en Spaarnwoude, 1996, 2758, 1233
Haarlemmerliede en Spaarnwoude, 2000, 2108, 1172
Haarlemmerliede en Spaarnwoude, 2003, 2108, 1173
Haarlemmerliede en Spaarnwoude, 2006, 2108, 1171
Haarlemmerliede en Spaarnwoude, 2008, 2108, 1162
Haarlemmerliede en Spaarnwoude, 2010, 2108, 1170
Haarlemmerliede en Spaarnwoude, 2012, 2119, 1161
Haarlemmerliede en Spaarnwoude, 2015, 2119, 1148
Haarlemmermeer, 1996, 18528, 13145
Haarlemmermeer, 2000, 18528, 11827
Haarlemmermeer, 2003, 18528, 11428
Haarlemmermeer, 2006, 18528, 11462
Haarlemmermeer, 2008, 18528, 11333
Haarlemmermeer, 2010, 18528, 11100
Haarlemmermeer, 2012, 18529, 10733
Haarlemmermeer, 2015, 18513, 10479
Halderberge, 1996, NaN, NaN
Halderberge, 2000, 7524, 6004
Halderberge, 2003, 7524, 5990
Halderberge, 2006, 7524, 5935
Halderberge, 2008, 7524, 5879
Halderberge, 2010, 7524, 5834
Halderberge, 2012, 7521, 5802
Halderberge, 2015, 7521, 5789
Hardenberg, 1996, 18419, 14828
Hardenberg, 2000, 18417, 14697
Hardenberg, 2003, 31724, 25861
Hardenberg, 2006, 31724, 25753
Hardenberg, 2008, 31724, 25725
Hardenberg, 2010, 31724, 25651
Hardenberg, 2012, 31715, 25501
Hardenberg, 2015, 31715, 25449
Harderwijk, 1996, 4827, 1077
Harderwijk, 2000, 4827, 1065
Harderwijk, 2003, 4827, 1001
Harderwijk, 2006, 4827, 980
Harderwijk, 2008, 4827, 892
Harderwijk, 2010, 4827, 871
Harderwijk, 2012, 4827, 873
Harderwijk, 2015, 4827, 867
Hardinxveld-Giessendam, 1996, 1935, 1130
Hardinxveld-Giessendam, 2000, 1935, 1108
Hardinxveld-Giessendam, 2003, 1935, 1090
Hardinxveld-Giessendam, 2006, 1935, 1106
Hardinxveld-Giessendam, 2008, 1935, 1099
Hardinxveld-Giessendam, 2010, 1935, 1105
Hardinxveld-Giessendam, 2012, 1935, 1092
Hardinxveld-Giessendam, 2015, 1935, 1069
Haren, 1996, 5070, 3290
Haren, 2000, 5070, 3261
Haren, 2003, 5070, 3220
Haren, 2006, 5070, 3219
Haren, 2008, 5070, 3204
Haren, 2010, 5070, 3192
Haren, 2012, 5073, 2888
Haren, 2015, 5073, 2786
Harlingen, 1996, 38767, 1893
Harlingen, 2000, 38767, 1849
Harlingen, 2003, 38767, 1764
Harlingen, 2006, 38767, 1701
Harlingen, 2008, 38767, 1699
Harlingen, 2010, 38767, 1696
Harlingen, 2012, 38767, 1672
Harlingen, 2015, 38767, 1676
Hattem, 1996, 2420, 1303
Hattem, 2000, 2420, 1299
Hattem, 2003, 2420, 1288
Hattem, 2006, 2420, 1289
Hattem, 2008, 2420, 1282
Hattem, 2010, 2420, 1260
Hattem, 2012, 2416, 1251
Hattem, 2015, 2416, 1253
Heemskerk, 1996, 3176, 867
Heemskerk, 2000, 3176, 839
Heemskerk, 2003, 3176, 696
Heemskerk, 2006, 3173, 675
Heemskerk, 2008, 3173, 668
Heemskerk, 2010, 3173, 667
Heemskerk, 2012, 3168, 661
Heemskerk, 2015, 3168, 666
Heemstede, 1996, 964, 156
Heemstede, 2000, 964, 157
Heemstede, 2003, 964, 155
Heemstede, 2006, 964, 157
Heemstede, 2008, 964, 155
Heemstede, 2010, 964, 155
Heemstede, 2012, 964, 156
Heemstede, 2015, 964, 151
Heerde, 1996, 8039, 4052
Heerde, 2000, 8039, 4040
Heerde, 2003, 8039, 4022
Heerde, 2006, 8039, 3995
Heerde, 2008, 8039, 3993
Heerde, 2010, 8039, 3992
Heerde, 2012, 8042, 3975
Heerde, 2015, 8042, 3909
Heerenveen, 1996, 14015, 10452
Heerenveen, 2000, 14015, 10187
Heerenveen, 2003, 14015, 10164
Heerenveen, 2006, 14015, 10057
Heerenveen, 2008, 14015, 9992
Heerenveen, 2010, 14015, 9939
Heerenveen, 2012, 14007, 9976
Heerenveen, 2015, 19816, 14602
Heerhugowaard, 1996, 3997, 2689
Heerhugowaard, 2000, 3997, 2558
Heerhugowaard, 2003, 3997, 2455
Heerhugowaard, 2006, 3997, 2244
Heerhugowaard, 2008, 3997, 2227
Heerhugowaard, 2010, 3997, 2196
Heerhugowaard, 2012, 3999, 2159
Heerhugowaard, 2015, 3999, 2111
Heerlen, 1996, 4539, 1033
Heerlen, 2000, 4550, 906
Heerlen, 2003, 4550, 877
Heerlen, 2006, 4550, 848
Heerlen, 2008, 4550, 793
Heerlen, 2010, 4550, 799
Heerlen, 2012, 4553, 799
Heerlen, 2015, 4553, 766
Heeze-Leende, 1996, NaN, NaN
Heeze-Leende, 2000, 10512, 4450
Heeze-Leende, 2003, 10512, 4425
Heeze-Leende, 2006, 10512, 4415
Heeze-Leende, 2008, 10512, 4403
Heeze-Leende, 2010, 10512, 4408
Heeze-Leende, 2012, 10504, 4401
Heeze-Leende, 2015, 10504, 4415
Heiloo, 1996, 2146, 1248
Heiloo, 2000, 1899, 1037
Heiloo, 2003, 1899, 1006
Heiloo, 2006, 1899, 1005
Heiloo, 2008, 1899, 977
Heiloo, 2010, 1899, 978
Heiloo, 2012, 1901, 978
Heiloo, 2015, 1901, 966
Den Helder, 1996, 17883, 2042
Den Helder, 2000, 17883, 1975
Den Helder, 2003, 17883, 1867
Den Helder, 2006, 17883, 1761
Den Helder, 2008, 17883, 1756
Den Helder, 2010, 17883, 1789
Den Helder, 2012, 17880, 1740
Den Helder, 2015, 17880, 1715
Hellendoorn, 1996, 13866, 8324
Hellendoorn, 2000, 13866, 8265
Hellendoorn, 2003, 13864, 8253
Hellendoorn, 2006, 13903, 8259
Hellendoorn, 2008, 13903, 8238
Hellendoorn, 2010, 13903, 8204
Hellendoorn, 2012, 13899, 8173
Hellendoorn, 2015, 13899, 8135
Hellevoetsluis, 1996, 4614, 1987
Hellevoetsluis, 2000, 4614, 1972
Hellevoetsluis, 2003, 4614, 1903
Hellevoetsluis, 2006, 4614, 1885
Hellevoetsluis, 2008, 4614, 1884
Hellevoetsluis, 2010, 4614, 1858
Hellevoetsluis, 2012, 4627, 1855
Hellevoetsluis, 2015, 4627, 1817
Helmond, 1996, 5062, 1798
Helmond, 2000, 5456, 1723
Helmond, 2003, 5456, 1671
Helmond, 2006, 5456, 1616
Helmond, 2008, 5456, 1577
Helmond, 2010, 5456, 1538
Helmond, 2012, 5475, 1521
Helmond, 2015, 5475, 1496
Hendrik-Ido-Ambacht, 1996, 1199, 565
Hendrik-Ido-Ambacht, 2000, 1199, 528
Hendrik-Ido-Ambacht, 2003, 1199, 421
Hendrik-Ido-Ambacht, 2006, 1199, 314
Hendrik-Ido-Ambacht, 2008, 1199, 298
Hendrik-Ido-Ambacht, 2010, 1199, 296
Hendrik-Ido-Ambacht, 2012, 1190, 316
Hendrik-Ido-Ambacht, 2015, 1190, 324
Hengelo (O.), 1996, 6453, 2999
Hengelo (O.), 2000, 6453, 2869
Hengelo (O.), 2003, 6178, 2655
Hengelo (O.), 2006, 6178, 2630
Hengelo (O.), 2008, 6178, 2624
Hengelo (O.), 2010, 6178, 2535
Hengelo (O.), 2012, 6183, 2519
Hengelo (O.), 2015, 6183, 2519
's-Hertogenbosch, 1996, 9046, 4104
's-Hertogenbosch, 2000, 9126, 3937
's-Hertogenbosch, 2003, 9126, 3766
's-Hertogenbosch, 2006, 9126, 3588
's-Hertogenbosch, 2008, 9126, 3468
's-Hertogenbosch, 2010, 9126, 3415
's-Hertogenbosch, 2012, 9179, 3477
's-Hertogenbosch, 2015, 11807, 5482
Heumen, 1996, 4158, 2440
Heumen, 2000, 4158, 2376
Heumen, 2003, 4158, 2368
Heumen, 2006, 4158, 2374
Heumen, 2008, 4158, 2367
Heumen, 2010, 4158, 2354
Heumen, 2012, 4154, 2340
Heumen, 2015, 4154, 2348
Heusden, 1996, 2172, 1652
Heusden, 2000, 8118, 4838
Heusden, 2003, 8118, 4814
Heusden, 2006, 8118, 4738
Heusden, 2008, 8118, 4723
Heusden, 2010, 8118, 4714
Heusden, 2012, 8122, 4705
Heusden, 2015, 8122, 4685
Hillegom, 1996, 1348, 815
Hillegom, 2000, 1348, 797
Hillegom, 2003, 1348, 793
Hillegom, 2006, 1348, 778
Hillegom, 2008, 1348, 755
Hillegom, 2010, 1348, 748
Hillegom, 2012, 1348, 747
Hillegom, 2015, 1347, 748
Hilvarenbeek, 1996, 6818, 3700
Hilvarenbeek, 2000, 9679, 5938
Hilvarenbeek, 2003, 9679, 5891
Hilvarenbeek, 2006, 9648, 5863
Hilvarenbeek, 2008, 9648, 5846
Hilvarenbeek, 2010, 9648, 5819
Hilvarenbeek, 2012, 9651, 5720
Hilvarenbeek, 2015, 9651, 5670
Hilversum, 1996, 4624, 684
Hilversum, 2000, 4624, 580
Hilversum, 2003, 4624, 582
Hilversum, 2006, 4624, 582
Hilversum, 2008, 4624, 584
Hilversum, 2010, 4645, 598
Hilversum, 2012, 4635, 626
Hilversum, 2015, 4635, 595
Hof van Twente, 1996, NaN, NaN
Hof van Twente, 2000, NaN, NaN
Hof van Twente, 2003, 21544, 15887
Hof van Twente, 2006, 21544, 15862
Hof van Twente, 2008, 21544, 15796
Hof van Twente, 2010, 21544, 15754
Hof van Twente, 2012, 21541, 15727
Hof van Twente, 2015, 21541, 15676
Hollands Kroon, 1996, NaN, NaN
Hollands Kroon, 2000, NaN, NaN
Hollands Kroon, 2003, NaN, NaN
Hollands Kroon, 2006, NaN, NaN
Hollands Kroon, 2008, NaN, NaN
Hollands Kroon, 2010, NaN, NaN
Hollands Kroon, 2012, 66220, 31623
Hollands Kroon, 2015, 66220, 31591
Hoogeveen, 1996, 6469, 4111
Hoogeveen, 2000, 12922, 9227
Hoogeveen, 2003, 12922, 9082
Hoogeveen, 2006, 12922, 9020
Hoogeveen, 2008, 12922, 8964
Hoogeveen, 2010, 12922, 8912
Hoogeveen, 2012, 12925, 8863
Hoogeveen, 2015, 12925, 8801
Hoogezand-Sappemeer, 1996, 7305, 5052
Hoogezand-Sappemeer, 2000, 7305, 4926
Hoogezand-Sappemeer, 2003, 7305, 4660
Hoogezand-Sappemeer, 2006, 7305, 4597
Hoogezand-Sappemeer, 2008, 7305, 4705
Hoogezand-Sappemeer, 2010, 7305, 4366
Hoogezand-Sappemeer, 2012, 7299, 4600
Hoogezand-Sappemeer, 2015, 7299, 4288
Hoorn, 1996, 5217, 411
Hoorn, 2000, 5217, 341
Hoorn, 2003, 5217, 287
Hoorn, 2006, 5224, 243
Hoorn, 2008, 5326, 288
Hoorn, 2010, 5326, 255
Hoorn, 2012, 5325, 238
Hoorn, 2015, 5346, 226
Horst aan de Maas, 1996, NaN, NaN
Horst aan de Maas, 2000, NaN, NaN
Horst aan de Maas, 2003, 12252, 8575
Horst aan de Maas, 2006, 12255, 8522
Horst aan de Maas, 2008, 12255, 8465
Horst aan de Maas, 2010, 19194, 13305
Horst aan de Maas, 2012, 19192, 13259
Horst aan de Maas, 2015, 19192, 13208
Houten, 1996, 5898, 4675
Houten, 2000, 5898, 4391
Houten, 2003, 5898, 4195
Houten, 2006, 5898, 4157
Houten, 2008, 5898, 4076
Houten, 2010, 5898, 4053
Houten, 2012, 5899, 3944
Houten, 2015, 5899, 3886
Huizen, 1996, 2328, 105
Huizen, 2000, 2328, 109
Huizen, 2003, 2328, 111
Huizen, 2006, 2328, 113
Huizen, 2008, 2328, 110
Huizen, 2010, 2328, 108
Huizen, 2012, 2332, 109
Huizen, 2015, 2332, 109
Hulst, 1996, 13789, 8864
Hulst, 2000, 13917, 8788
Hulst, 2003, 25101, 15529
Hulst, 2006, 25109, 15477
Hulst, 2008, 25109, 15454
Hulst, 2010, 25109, 15431
Hulst, 2012, 25182, 15439
Hulst, 2015, 25182, 15416
IJsselstein, 1996, 2162, 1541
IJsselstein, 2000, 2162, 1437
IJsselstein, 2003, 2162, 1403
IJsselstein, 2006, 2162, 1392
IJsselstein, 2008, 2162, 1393
IJsselstein, 2010, 2162, 1389
IJsselstein, 2012, 2168, 1380
IJsselstein, 2015, 2168, 1349
Kaag en Braassem, 1996, NaN, NaN
Kaag en Braassem, 2000, NaN, NaN
Kaag en Braassem, 2003, NaN, NaN
Kaag en Braassem, 2006, NaN, NaN
Kaag en Braassem, 2008, NaN, NaN
Kaag en Braassem, 2010, 7228, 5424
Kaag en Braassem, 2012, 7224, 5428
Kaag en Braassem, 2015, 7224, 5440
Kampen, 1996, 8209, 5122
Kampen, 2000, 8209, 4999
Kampen, 2003, 16184, 11814
Kampen, 2006, 16184, 11732
Kampen, 2008, 16184, 11650
Kampen, 2010, 16184, 11536
Kampen, 2012, 16179, 11646
Kampen, 2015, 16179, 11521
Kapelle, 1996, 4973, 3060
Kapelle, 2000, 4961, 2948
Kapelle, 2003, 4961, 2844
Kapelle, 2006, 4966, 2811
Kapelle, 2008, 4966, 2777
Kapelle, 2010, 4966, 2819
Kapelle, 2012, 4963, 2793
Kapelle, 2015, 4963, 2798
Katwijk, 1996, 1891, 159
Katwijk, 2000, 1891, 152
Katwijk, 2003, 1924, 163
Katwijk, 2006, 3106, 750
Katwijk, 2008, 3106, 728
Katwijk, 2010, 3106, 711
Katwijk, 2012, 3115, 696
Katwijk, 2015, 3115, 664
Kerkrade, 1996, 2224, 534
Kerkrade, 2000, 2217, 447
Kerkrade, 2003, 2217, 440
Kerkrade, 2006, 2217, 427
Kerkrade, 2008, 2217, 412
Kerkrade, 2010, 2217, 410
Kerkrade, 2012, 2215, 406
Kerkrade, 2015, 2215, 398
Koggenland, 1996, NaN, NaN
Koggenland, 2000, NaN, NaN
Koggenland, 2003, NaN, NaN
Koggenland, 2006, NaN, NaN
Koggenland, 2008, 8415, 7019
Koggenland, 2010, 8415, 6976
Koggenland, 2012, 8413, 6965
Koggenland, 2015, 8408, 6940
Kollumerland en Nieuwkruisland, 1996, 11633, 8742
Kollumerland en Nieuwkruisland, 2000, 11633, 8696
Kollumerland en Nieuwkruisland, 2003, 11633, 8684
Kollumerland en Nieuwkruisland, 2006, 11633, 8626
Kollumerland en Nieuwkruisland, 2008, 11633, 8625
Kollumerland en Nieuwkruisland, 2010, 11633, 8594
Kollumerland en Nieuwkruisland, 2012, 11635, 8596
Kollumerland en Nieuwkruisland, 2015, 11635, 8568
Korendijk, 1996, 10048, 7000
Korendijk, 2000, 10048, 6902
Korendijk, 2003, 10048, 6839
Korendijk, 2006, 10048, 6586
Korendijk, 2008, 10048, 6522
Korendijk, 2010, 10048, 6455
Korendijk, 2012, 10047, 6035
Korendijk, 2015, 10047, 6052
Krimpen aan den IJssel, 1996, 893, 111
Krimpen aan den IJssel, 2000, 893, 79
Krimpen aan den IJssel, 2003, 893, 48
Krimpen aan den IJssel, 2006, 893, 42
Krimpen aan den IJssel, 2008, 893, 41
Krimpen aan den IJssel, 2010, 893, 42
Krimpen aan den IJssel, 2012, 895, 42
Krimpen aan den IJssel, 2015, 895, 42
Krimpenerwaard, 1996, NaN, NaN
Krimpenerwaard, 2000, NaN, NaN
Krimpenerwaard, 2003, NaN, NaN
Krimpenerwaard, 2006, NaN, NaN
Krimpenerwaard, 2008, NaN, NaN
Krimpenerwaard, 2010, NaN, NaN
Krimpenerwaard, 2012, NaN, NaN
Krimpenerwaard, 2015, 16131, 12906
Laarbeek, 1996, NaN, NaN
Laarbeek, 2000, 5617, 3984
Laarbeek, 2003, 5617, 3957
Laarbeek, 2006, 5617, 3948
Laarbeek, 2008, 5617, 3934
Laarbeek, 2010, 5617, 3922
Laarbeek, 2012, 5617, 3887
Laarbeek, 2015, 5617, 3854
Landerd, 1996, 7068, 4680
Landerd, 2000, 7068, 4666
Landerd, 2003, 7068, 4654
Landerd, 2006, 7068, 4630
Landerd, 2008, 7068, 4604
Landerd, 2010, 7068, 4592
Landerd, 2012, 7071, 4561
Landerd, 2015, 7071, 4543
Landgraaf, 1996, 2469, 875
Landgraaf, 2000, 2469, 836
Landgraaf, 2003, 2469, 814
Landgraaf, 2006, 2469, 800
Landgraaf, 2008, 2469, 765
Landgraaf, 2010, 2469, 746
Landgraaf, 2012, 2467, 734
Landgraaf, 2015, 2467, 726
Landsmeer, 1996, 2783, 1649
Landsmeer, 2000, 2649, 1527
Landsmeer, 2003, 2649, 1517
Landsmeer, 2006, 2649, 1502
Landsmeer, 2008, 2649, 1445
Landsmeer, 2010, 2649, 1518
Landsmeer, 2012, 2650, 1515
Landsmeer, 2015, 2650, 1510
Langedijk, 1996, 2756, 1453
Langedijk, 2000, 2699, 1341
Langedijk, 2003, 2699, 1357
Langedijk, 2006, 2699, 1276
Langedijk, 2008, 2699, 1257
Langedijk, 2010, 2699, 1246
Langedijk, 2012, 2703, 1198
Langedijk, 2015, 2703, 1182
Lansingerland, 1996, NaN, NaN
Lansingerland, 2000, NaN, NaN
Lansingerland, 2003, NaN, NaN
Lansingerland, 2006, NaN, NaN
Lansingerland, 2008, 5639, 3093
Lansingerland, 2010, 5639, 3090
Lansingerland, 2012, 5637, 2954
Lansingerland, 2015, 5637, 2943
Laren (NH.), 1996, 1239, 49
Laren (NH.), 2000, 1239, 48
Laren (NH.), 2003, 1239, 45
Laren (NH.), 2006, 1239, 51
Laren (NH.), 2008, 1239, 53
Laren (NH.), 2010, 1239, 49
Laren (NH.), 2012, 1241, 48
Laren (NH.), 2015, 1241, 48
Leek, 1996, 6427, 5400
Leek, 2000, 6427, 5345
Leek, 2003, 6427, 5311
Leek, 2006, 6427, 5277
Leek, 2008, 6427, 5205
Leek, 2010, 6427, 5208
Leek, 2012, 6428, 5200
Leek, 2015, 6428, 5128
Leerdam, 1996, 3432, 2814
Leerdam, 2000, 3432, 2784
Leerdam, 2003, 3432, 2760
Leerdam, 2006, 3432, 2740
Leerdam, 2008, 3432, 2732
Leerdam, 2010, 3432, 2728
Leerdam, 2012, 3442, 2726
Leerdam, 2015, 3442, 2715
Leeuwarden, 1996, 8411, 4920
Leeuwarden, 2000, 8411, 4666
Leeuwarden, 2003, 8410, 4578
Leeuwarden, 2006, 8410, 4416
Leeuwarden, 2008, 8410, 4384
Leeuwarden, 2010, 8410, 4346
Leeuwarden, 2012, 8395, 4230
Leeuwarden, 2015, 17023, 10324
Leeuwarderadeel, 1996, 4138, 3637
Leeuwarderadeel, 2000, 4138, 3621
Leeuwarderadeel, 2003, 4138, 3611
Leeuwarderadeel, 2006, 4138, 3596
Leeuwarderadeel, 2008, 4138, 3601
Leeuwarderadeel, 2010, 4138, 3601
Leeuwarderadeel, 2012, 4146, 3613
Leeuwarderadeel, 2015, 4146, 3597
Leiden, 1996, 2316, 323
Leiden, 2000, 2316, 316
Leiden, 2003, 2316, 292
Leiden, 2006, 2316, 275
Leiden, 2008, 2316, 263
Leiden, 2010, 2316, 253
Leiden, 2012, 2327, 252
Leiden, 2015, 2327, 239
Leiderdorp, 1996, 1216, 611
Leiderdorp, 2000, 1216, 599
Leiderdorp, 2003, 1216, 554
Leiderdorp, 2006, 1229, 530
Leiderdorp, 2008, 1229, 537
Leiderdorp, 2010, 1229, 537
Leiderdorp, 2012, 1228, 534
Leiderdorp, 2015, 1228, 524
Leidschendam-Voorburg, 1996, NaN, NaN
Leidschendam-Voorburg, 2000, NaN, NaN
Leidschendam-Voorburg, 2003, 3566, 1746
Leidschendam-Voorburg, 2006, 3568, 1738
Leidschendam-Voorburg, 2008, 3568, 1738
Leidschendam-Voorburg, 2010, 3568, 1740
Leidschendam-Voorburg, 2012, 3562, 1717
Leidschendam-Voorburg, 2015, 3562, 1703
Lelystad, 1996, 76539, 12747
Lelystad, 2000, 76539, 12268
Lelystad, 2003, 76539, 11651
Lelystad, 2006, 76539, 11552
Lelystad, 2008, 76539, 11402
Lelystad, 2010, 76539, 10971
Lelystad, 2012, 76545, 10937
Lelystad, 2015, 76545, 10951
Leudal, 1996, NaN, NaN
Leudal, 2000, NaN, NaN
Leudal, 2003, NaN, NaN
Leudal, 2006, NaN, NaN
Leudal, 2008, 16486, 11569
Leudal, 2010, 16486, 11486
Leudal, 2012, 16491, 11424
Leudal, 2015, 16491, 11333
Leusden, 1996, 6199, 3263
Leusden, 2000, 5894, 2967
Leusden, 2003, 5894, 2966
Leusden, 2006, 5894, 2934
Leusden, 2008, 5894, 2915
Leusden, 2010, 5894, 2865
Leusden, 2012, 5889, 2852
Leusden, 2015, 5889, 2847
Lingewaal, 1996, 5459, 4096
Lingewaal, 2000, 5459, 4049
Lingewaal, 2003, 5459, 3961
Lingewaal, 2006, 5459, 3945
Lingewaal, 2008, 5459, 3964
Lingewaal, 2010, 5459, 3907
Lingewaal, 2012, 5449, 3917
Lingewaal, 2015, 5449, 3976
Lingewaard, 1996, NaN, NaN
Lingewaard, 2000, NaN, NaN
Lingewaard, 2003, 6918, 4649
Lingewaard, 2006, 6918, 4600
Lingewaard, 2008, 6918, 4578
Lingewaard, 2010, 6918, 4519
Lingewaard, 2012, 6914, 4563
Lingewaard, 2015, 6914, 4560
Lisse, 1996, 1611, 858
Lisse, 2000, 1611, 840
Lisse, 2003, 1611, 842
Lisse, 2006, 1611, 848
Lisse, 2008, 1611, 827
Lisse, 2010, 1611, 832
Lisse, 2012, 1605, 826
Lisse, 2015, 1605, 825
Littenseradiel, 1996, 13257, 12553
Littenseradiel, 2000, 13257, 12510
Littenseradiel, 2003, 13257, 12487
Littenseradiel, 2006, 13257, 12482
Littenseradiel, 2008, 13257, 12468
Littenseradiel, 2010, 13257, 12458
Littenseradiel, 2012, 13264, 12466
Littenseradiel, 2015, 13264, 12429
Lochem, 1996, 12880, 9814
Lochem, 2000, 12880, 9732
Lochem, 2003, 12880, 9781
Lochem, 2006, 21602, 15998
Lochem, 2008, 21602, 15976
Lochem, 2010, 21602, 15925
Lochem, 2012, 21594, 15898
Lochem, 2015, 21594, 15910
Loon op Zand, 1996, 5218, 2459
Loon op Zand, 2000, 5071, 2340
Loon op Zand, 2003, 5071, 2353
Loon op Zand, 2006, 5072, 2343
Loon op Zand, 2008, 5072, 2321
Loon op Zand, 2010, 5072, 2271
Loon op Zand, 2012, 5071, 2263
Loon op Zand, 2015, 5071, 2248
Lopik, 1996, 7892, 7023
Lopik, 2000, 7892, 7015
Lopik, 2003, 7892, 6962
Lopik, 2006, 7892, 6927
Lopik, 2008, 7892, 6941
Lopik, 2010, 7892, 6935
Lopik, 2012, 7898, 6993
Lopik, 2015, 7898, 6959
Loppersum, 1996, 11199, 10363
Loppersum, 2000, 11199, 10362
Loppersum, 2003, 11199, 10326
Loppersum, 2006, 11199, 10258
Loppersum, 2008, 11199, 10266
Loppersum, 2010, 11199, 10255
Loppersum, 2012, 11199, 10239
Loppersum, 2015, 11199, 10298
Losser, 1996, 10017, 7307
Losser, 2000, 10015, 7206
Losser, 2003, 9964, 7196
Losser, 2006, 9964, 7186
Losser, 2008, 9964, 7194
Losser, 2010, 9964, 7166
Losser, 2012, 9962, 7145
Losser, 2015, 9962, 7116
Maasdriel, 1996, 2939, 2107
Maasdriel, 2000, 7549, 5385
Maasdriel, 2003, 7549, 5416
Maasdriel, 2006, 7549, 5366
Maasdriel, 2008, 7549, 5374
Maasdriel, 2010, 7549, 5372
Maasdriel, 2012, 7546, 5382
Maasdriel, 2015, 7546, 5351
Maasgouw, 1996, NaN, NaN
Maasgouw, 2000, NaN, NaN
Maasgouw, 2003, NaN, NaN
Maasgouw, 2006, NaN, NaN
Maasgouw, 2008, 5802, 2424
Maasgouw, 2010, 5802, 2400
Maasgouw, 2012, 5812, 2379
Maasgouw, 2015, 5812, 2382
Maassluis, 1996, 898, 162
Maassluis, 2000, 898, 121
Maassluis, 2003, 898, 158
Maassluis, 2006, 1011, 257
Maassluis, 2008, 1011, 227
Maassluis, 2010, 1011, 229
Maassluis, 2012, 1012, 215
Maassluis, 2015, 1012, 195
Maastricht, 1996, 5892, 2248
Maastricht, 2000, 6006, 2214
Maastricht, 2003, 6006, 2199
Maastricht, 2006, 6006, 2116
Maastricht, 2008, 6006, 2099
Maastricht, 2010, 6006, 2007
Maastricht, 2012, 6013, 1875
Maastricht, 2015, 6013, 1799
De Marne, 1996, 24031, 12251
De Marne, 2000, 24031, 12127
De Marne, 2003, 24031, 12116
De Marne, 2006, 24031, 12110
De Marne, 2008, 24031, 12145
De Marne, 2010, 24031, 12148
De Marne, 2012, 24033, 12136
De Marne, 2015, 24033, 12126
Marum, 1996, 6500, 5798
Marum, 2000, 6488, 5766
Marum, 2003, 6488, 5752
Marum, 2006, 6488, 5702
Marum, 2008, 6488, 5694
Marum, 2010, 6488, 5675
Marum, 2012, 6489, 5674
Marum, 2015, 6489, 5661
Medemblik, 1996, 10796, 495
Medemblik, 2000, 10796, 486
Medemblik, 2003, 10796, 471
Medemblik, 2006, 10796, 458
Medemblik, 2008, 17900, 6682
Medemblik, 2010, 17900, 6635
Medemblik, 2012, 25756, 9965
Medemblik, 2015, 25756, 9922
Meerssen, 1996, 2770, 1774
Meerssen, 2000, 2771, 1763
Meerssen, 2003, 2771, 1741
Meerssen, 2006, 2771, 1728
Meerssen, 2008, 2771, 1698
Meerssen, 2010, 2771, 1680
Meerssen, 2012, 2770, 1658
Meerssen, 2015, 2770, 1656
Menameradiel, 1996, NaN, NaN
Menameradiel, 2000, NaN, NaN
Menameradiel, 2003, NaN, NaN
Menameradiel, 2006, NaN, NaN
Menameradiel, 2008, NaN, NaN
Menameradiel, 2010, NaN, NaN
Menameradiel, 2012, 7003, 6060
Menameradiel, 2015, 7003, 6058
Menterwolde, 1996, 8162, 6858
Menterwolde, 2000, 8162, 6718
Menterwolde, 2003, 8162, 6678
Menterwolde, 2006, 8162, 6721
Menterwolde, 2008, 8162, 6727
Menterwolde, 2010, 8162, 6705
Menterwolde, 2012, 8162, 6727
Menterwolde, 2015, 8162, 6775
Meppel, 1996, 1464, 518
Meppel, 2000, 5698, 4237
Meppel, 2003, 5698, 4147
Meppel, 2006, 5698, 4075
Meppel, 2008, 5698, 4022
Meppel, 2010, 5698, 3999
Meppel, 2012, 5703, 4003
Meppel, 2015, 5703, 3951
Middelburg (Z.), 1996, 3286, 2042
Middelburg (Z.), 2000, 5305, 3243
Middelburg (Z.), 2003, 5305, 3193
Middelburg (Z.), 2006, 5305, 3109
Middelburg (Z.), 2008, 5305, 2962
Middelburg (Z.), 2010, 5305, 2918
Middelburg (Z.), 2012, 5304, 2894
Middelburg (Z.), 2015, 5304, 2864
Midden-Delfland, 1996, NaN, NaN
Midden-Delfland, 2000, NaN, NaN
Midden-Delfland, 2003, NaN, NaN
Midden-Delfland, 2006, 4938, 3870
Midden-Delfland, 2008, 4938, 3820
Midden-Delfland, 2010, 4938, 3833
Midden-Delfland, 2012, 4938, 3798
Midden-Delfland, 2015, 4938, 3781
Midden-Drenthe, 1996, NaN, NaN
Midden-Drenthe, 2000, 34582, 26147
Midden-Drenthe, 2003, 34582, 26103
Midden-Drenthe, 2006, 34582, 25668
Midden-Drenthe, 2008, 34582, 25674
Midden-Drenthe, 2010, 34582, 25299
Midden-Drenthe, 2012, 34587, 25277
Midden-Drenthe, 2015, 34587, 25149
Mill en Sint Hubert, 1996, 5308, 3930
Mill en Sint Hubert, 2000, 5308, 3892
Mill en Sint Hubert, 2003, 5308, 3873
Mill en Sint Hubert, 2006, 5308, 3871
Mill en Sint Hubert, 2008, 5308, 3859
Mill en Sint Hubert, 2010, 5308, 3851
Mill en Sint Hubert, 2012, 5317, 3844
Mill en Sint Hubert, 2015, 5317, 3832
Moerdijk, 1996, NaN, NaN
Moerdijk, 2000, 18399, 11942
Moerdijk, 2003, 18399, 11649
Moerdijk, 2006, 18399, 11689
Moerdijk, 2008, 18399, 11754
Moerdijk, 2010, 18399, 11732
Moerdijk, 2012, 18403, 11703
Moerdijk, 2015, 18403, 11595
Molenwaard, 1996, NaN, NaN
Molenwaard, 2000, NaN, NaN
Molenwaard, 2003, NaN, NaN
Molenwaard, 2006, NaN, NaN
Molenwaard, 2008, NaN, NaN
Molenwaard, 2010, NaN, NaN
Molenwaard, 2012, NaN, NaN
Molenwaard, 2015, 12648, 10492
Montferland, 1996, NaN, NaN
Montferland, 2000, NaN, NaN
Montferland, 2003, NaN, NaN
Montferland, 2006, 10654, 7481
Montferland, 2008, 10665, 7466
Montferland, 2010, 10665, 7426
Montferland, 2012, 10664, 7399
Montferland, 2015, 10664, 7384
Montfoort, 1996, 3822, 3364
Montfoort, 2000, 3822, 3353
Montfoort, 2003, 3822, 3348
Montfoort, 2006, 3822, 3337
Montfoort, 2008, 3822, 3329
Montfoort, 2010, 3822, 3326
Montfoort, 2012, 3820, 3300
Montfoort, 2015, 3820, 3285
Mook en Middelaar, 1996, 1884, 732
Mook en Middelaar, 2000, 1884, 711
Mook en Middelaar, 2003, 1884, 709
Mook en Middelaar, 2006, 1884, 711
Mook en Middelaar, 2008, 1884, 708
Mook en Middelaar, 2010, 1884, 712
Mook en Middelaar, 2012, 1881, 710
Mook en Middelaar, 2015, 1881, 710
Muiden, 1996, 3651, 981
Muiden, 2000, 3651, 982
Muiden, 2003, 3651, 941
Muiden, 2006, 3651, 956
Muiden, 2008, 3651, 955
Muiden, 2010, 3651, 956
Muiden, 2012, 3649, 948
Muiden, 2015, 3649, 801
Naarden, 1996, 3289, 704
Naarden, 2000, 3289, 699
Naarden, 2003, 3289, 693
Naarden, 2006, 3289, 690
Naarden, 2008, 3289, 685
Naarden, 2010, 3289, 682
Naarden, 2012, 3290, 672
Naarden, 2015, 3290, 655
Neder-Betuwe, 1996, NaN, NaN
Neder-Betuwe, 2000, NaN, NaN
Neder-Betuwe, 2003, NaN, NaN
Neder-Betuwe, 2006, 6811, 4894
Neder-Betuwe, 2008, 6811, 4888
Neder-Betuwe, 2010, 6811, 4887
Neder-Betuwe, 2012, 6816, 4848
Neder-Betuwe, 2015, 6746, 4771
Nederweert, 1996, 10179, 7591
Nederweert, 2000, 10179, 7567
Nederweert, 2003, 10179, 7537
Nederweert, 2006, 10179, 7532
Nederweert, 2008, 10179, 7478
Nederweert, 2010, 10179, 7453
Nederweert, 2012, 10178, 7376
Nederweert, 2015, 10178, 7333
Neerijnen, 1996, 7296, 5718
Neerijnen, 2000, 7296, 5698
Neerijnen, 2003, 7296, 5660
Neerijnen, 2006, 7296, 5652
Neerijnen, 2008, 7296, 5652
Neerijnen, 2010, 7296, 5682
Neerijnen, 2012, 7290, 5669
Neerijnen, 2015, 7290, 5674
Nieuwegein, 1996, 3205, 1159
Nieuwegein, 2000, 3205, 1089
Nieuwegein, 2003, 2568, 481
Nieuwegein, 2006, 2568, 450
Nieuwegein, 2008, 2568, 465
Nieuwegein, 2010, 2568, 389
Nieuwegein, 2012, 2565, 373
Nieuwegein, 2015, 2565, 332
Nieuwkoop, 1996, 3850, 2007
Nieuwkoop, 2000, 3850, 1985
Nieuwkoop, 2003, 3850, 1967
Nieuwkoop, 2006, 3850, 1979
Nieuwkoop, 2008, 9118, 6284
Nieuwkoop, 2010, 9118, 6277
Nieuwkoop, 2012, 9116, 6189
Nieuwkoop, 2015, 9116, 6135
Nijkerk, 1996, 6618, 4992
Nijkerk, 2000, 7205, 5195
Nijkerk, 2003, 7205, 5137
Nijkerk, 2006, 7205, 5124
Nijkerk, 2008, 7205, 5077
Nijkerk, 2010, 7205, 5056
Nijkerk, 2012, 7210, 5010
Nijkerk, 2015, 7204, 4933
Nijmegen, 1996, 4820, 658
Nijmegen, 2000, 5772, 1249
Nijmegen, 2003, 5772, 1174
Nijmegen, 2006, 5753, 1100
Nijmegen, 2008, 5753, 1085
Nijmegen, 2010, 5753, 1080
Nijmegen, 2012, 5760, 1014
Nijmegen, 2015, 5760, 766
Nissewaard, 1996, NaN, NaN
Nissewaard, 2000, NaN, NaN
Nissewaard, 2003, NaN, NaN
Nissewaard, 2006, NaN, NaN
Nissewaard, 2008, NaN, NaN
Nissewaard, 2010, NaN, NaN
Nissewaard, 2012, NaN, NaN
Nissewaard, 2015, 9873, 5504
Noord-Beveland, 1996, 12042, 7127
Noord-Beveland, 2000, 12061, 7065
Noord-Beveland, 2003, 12061, 7093
Noord-Beveland, 2006, 12029, 7090
Noord-Beveland, 2008, 12029, 7050
Noord-Beveland, 2010, 12029, 7051
Noord-Beveland, 2012, 12151, 7023
Noord-Beveland, 2015, 12151, 7006
Noordenveld, 1996, NaN, NaN
Noordenveld, 2000, 20536, 14697
Noordenveld, 2003, 20536, 14692
Noordenveld, 2006, 20536, 14699
Noordenveld, 2008, 20536, 14700
Noordenveld, 2010, 20533, 14614
Noordenveld, 2012, 20532, 14185
Noordenveld, 2015, 20532, 13047
Noordoostpolder, 1996, 60032, 41697
Noordoostpolder, 2000, 60032, 41533
Noordoostpolder, 2003, 59541, 40893
Noordoostpolder, 2006, 59541, 40909
Noordoostpolder, 2008, 59541, 40586
Noordoostpolder, 2010, 59541, 40457
Noordoostpolder, 2012, 59543, 40393
Noordoostpolder, 2015, 59542, 40239
Noordwijk, 1996, 5187, 923
Noordwijk, 2000, 5187, 905
Noordwijk, 2003, 5153, 857
Noordwijk, 2006, 5153, 833
Noordwijk, 2008, 5153, 806
Noordwijk, 2010, 5153, 818
Noordwijk, 2012, 5152, 813
Noordwijk, 2015, 5152, 813
Noordwijkerhout, 1996, 2340, 1566
Noordwijkerhout, 2000, 2340, 1536
Noordwijkerhout, 2003, 2340, 1523
Noordwijkerhout, 2006, 2340, 1504
Noordwijkerhout, 2008, 2340, 1477
Noordwijkerhout, 2010, 2340, 1482
Noordwijkerhout, 2012, 2342, 1476
Noordwijkerhout, 2015, 2342, 1462
Nuenen, Gerwen en Nederwetten, 1996, 3411, 2079
Nuenen, Gerwen en Nederwetten, 2000, 3411, 2037
Nuenen, Gerwen en Nederwetten, 2003, 3411, 2025
Nuenen, Gerwen en Nederwetten, 2006, 3411, 1989
Nuenen, Gerwen en Nederwetten, 2008, 3411, 1990
Nuenen, Gerwen en Nederwetten, 2010, 3411, 1953
Nuenen, Gerwen en Nederwetten, 2012, 3394, 1939
Nuenen, Gerwen en Nederwetten, 2015, 3394, 1913
Nunspeet, 1996, 12949, 3114
Nunspeet, 2000, 12949, 3090
Nunspeet, 2003, 12949, 3094
Nunspeet, 2006, 12949, 3079
Nunspeet, 2008, 12949, 3080
Nunspeet, 2010, 12949, 3071
Nunspeet, 2012, 12953, 3060
Nunspeet, 2015, 12953, 3027
Nuth, 1996, 3318, 2651
Nuth, 2000, 3317, 2623
Nuth, 2003, 3317, 2595
Nuth, 2006, 3317, 2592
Nuth, 2008, 3317, 2569
Nuth, 2010, 3317, 2567
Nuth, 2012, 3313, 2562
Nuth, 2015, 3313, 2557
Oegstgeest, 1996, 775, 225
Oegstgeest, 2000, 775, 191
Oegstgeest, 2003, 775, 185
Oegstgeest, 2006, 775, 167
Oegstgeest, 2008, 775, 155
Oegstgeest, 2010, 775, 143
Oegstgeest, 2012, 797, 129
Oegstgeest, 2015, 797, 131
Oirschot, 1996, 6045, 3830
Oirschot, 2000, 10285, 6033
Oirschot, 2003, 10285, 5958
Oirschot, 2006, 10285, 5956
Oirschot, 2008, 10285, 5934
Oirschot, 2010, 10285, 5874
Oirschot, 2012, 10284, 5852
Oirschot, 2015, 10284, 5804
Oisterwijk, 1996, 2791, 1035
Oisterwijk, 2000, 6511, 3714
Oisterwijk, 2003, 6511, 3689
Oisterwijk, 2006, 6511, 3700
Oisterwijk, 2008, 6511, 3700
Oisterwijk, 2010, 6511, 3677
Oisterwijk, 2012, 6513, 3670
Oisterwijk, 2015, 6513, 3625
Oldambt, 1996, NaN, NaN
Oldambt, 2000, NaN, NaN
Oldambt, 2003, NaN, NaN
Oldambt, 2006, NaN, NaN
Oldambt, 2008, NaN, NaN
Oldambt, 2010, 29642, 17991
Oldambt, 2012, 29596, 18102
Oldambt, 2015, 29596, 18009
Oldebroek, 1996, 9885, 5885
Oldebroek, 2000, 9885, 5874
Oldebroek, 2003, 9885, 5858
Oldebroek, 2006, 9885, 5846
Oldebroek, 2008, 9885, 5795
Oldebroek, 2010, 9885, 5750
Oldebroek, 2012, 9884, 5765
Oldebroek, 2015, 9884, 5758
Oldenzaal, 1996, 1601, 445
Oldenzaal, 2000, 1601, 405
Oldenzaal, 2003, 2198, 730
Oldenzaal, 2006, 2198, 728
Oldenzaal, 2008, 2198, 724
Oldenzaal, 2010, 2198, 727
Oldenzaal, 2012, 2195, 706
Oldenzaal, 2015, 2195, 707
Olst-Wijhe, 1996, NaN, NaN
Olst-Wijhe, 2000, NaN, NaN
Olst-Wijhe, 2003, 11838, 9759
Olst-Wijhe, 2006, 11838, 9747
Olst-Wijhe, 2008, 11838, 9707
Olst-Wijhe, 2010, 11838, 9672
Olst-Wijhe, 2012, 11837, 9652
Olst-Wijhe, 2015, 11837, 9608
Ommen, 1996, 18847, 12092
Ommen, 2000, 18198, 11494
Ommen, 2003, 18198, 11471
Ommen, 2006, 18198, 11476
Ommen, 2008, 18198, 11449
Ommen, 2010, 18198, 11375
Ommen, 2012, 18201, 11340
Ommen, 2015, 18201, 11332
Onderbanken, 1996, 2124, 1406
Onderbanken, 2000, 2124, 1411
Onderbanken, 2003, 2124, 1399
Onderbanken, 2006, 2124, 1402
Onderbanken, 2008, 2124, 1395
Onderbanken, 2010, 2124, 1401
Onderbanken, 2012, 2124, 1401
Onderbanken, 2015, 2124, 1375
Oost Gelre, 1996, NaN, NaN
Oost Gelre, 2000, NaN, NaN
Oost Gelre, 2003, NaN, NaN
Oost Gelre, 2006, NaN, NaN
Oost Gelre, 2008, 11019, 9072
Oost Gelre, 2010, 11019, 9085
Oost Gelre, 2012, 11012, 9056
Oost Gelre, 2015, 11012, 9012
Oosterhout, 1996, 7142, 3754
Oosterhout, 2000, 7309, 3569
Oosterhout, 2003, 7309, 3515
Oosterhout, 2006, 7309, 3395
Oosterhout, 2008, 7309, 3376
Oosterhout, 2010, 7309, 3385
Oosterhout, 2012, 7309, 3364
Oosterhout, 2015, 7309, 3320
Ooststellingwerf, 1996, 22608, 16696
Ooststellingwerf, 2000, 22608, 16539
Ooststellingwerf, 2003, 22608, 16721
Ooststellingwerf, 2006, 22608, 16663
Ooststellingwerf, 2008, 22608, 16649
Ooststellingwerf, 2010, 22608, 16606
Ooststellingwerf, 2012, 22611, 16543
Ooststellingwerf, 2015, 22611, 16286
Oostzaan, 1996, 1613, 549
Oostzaan, 2000, 1613, 547
Oostzaan, 2003, 1613, 546
Oostzaan, 2006, 1613, 537
Oostzaan, 2008, 1613, 531
Oostzaan, 2010, 1613, 537
Oostzaan, 2012, 1608, 526
Oostzaan, 2015, 1608, 522
Opmeer, 1996, 4199, 3787
Opmeer, 2000, 4199, 3764
Opmeer, 2003, 4198, 3721
Opmeer, 2006, 4198, 3698
Opmeer, 2008, 4198, 3701
Opmeer, 2010, 4198, 3686
Opmeer, 2012, 4194, 3687
Opmeer, 2015, 4194, 3661
Opsterland, 1996, 22766, 18221
Opsterland, 2000, 22768, 18037
Opsterland, 2003, 22768, 17988
Opsterland, 2006, 22768, 17955
Opsterland, 2008, 22768, 17920
Opsterland, 2010, 22768, 17891
Opsterland, 2012, 22764, 17869
Opsterland, 2015, 22764, 17745
Oss, 1996, 6194, 3483
Oss, 2000, 6174, 3433
Oss, 2003, 10442, 6522
Oss, 2006, 10442, 6522
Oss, 2008, 10442, 6445
Oss, 2010, 10442, 6386
Oss, 2012, 15987, 10879
Oss, 2015, 17093, 11665
Oud-Beijerland, 1996, 1961, 1314
Oud-Beijerland, 2000, 1961, 1250
Oud-Beijerland, 2003, 1961, 1236
Oud-Beijerland, 2006, 1961, 1224
Oud-Beijerland, 2008, 1961, 1212
Oud-Beijerland, 2010, 1961, 1189
Oud-Beijerland, 2012, 1961, 1202
Oud-Beijerland, 2015, 1961, 1202
Oude IJsselstreek, 1996, NaN, NaN
Oude IJsselstreek, 2000, NaN, NaN
Oude IJsselstreek, 2003, NaN, NaN
Oude IJsselstreek, 2006, 13787, 11384
Oude IJsselstreek, 2008, 13787, 11323
Oude IJsselstreek, 2010, 13787, 11321
Oude IJsselstreek, 2012, 13795, 11281
Oude IJsselstreek, 2015, 13795, 11209
Ouder-Amstel, 1996, 2618, 1695
Ouder-Amstel, 2000, 2618, 1680
Ouder-Amstel, 2003, 2618, 1630
Ouder-Amstel, 2006, 2581, 1614
Ouder-Amstel, 2008, 2581, 1599
Ouder-Amstel, 2010, 2581, 1606
Ouder-Amstel, 2012, 2578, 1604
Ouder-Amstel, 2015, 2578, 1598
Oudewater, 1996, 4016, 3695
Oudewater, 2000, 4016, 3689
Oudewater, 2003, 4016, 3673
Oudewater, 2006, 4016, 3654
Oudewater, 2008, 4016, 3654
Oudewater, 2010, 4016, 3623
Oudewater, 2012, 4010, 3607
Oudewater, 2015, 4010, 3582
Overbetuwe, 1996, NaN, NaN
Overbetuwe, 2000, NaN, NaN
Overbetuwe, 2003, 11498, 8748
Overbetuwe, 2006, 11518, 8744
Overbetuwe, 2008, 11518, 8691
Overbetuwe, 2010, 11518, 8675
Overbetuwe, 2012, 11508, 8641
Overbetuwe, 2015, 11508, 8628
Papendrecht, 1996, 1077, 206
Papendrecht, 2000, 1077, 170
Papendrecht, 2003, 1077, 142
Papendrecht, 2006, 1077, 140
Papendrecht, 2008, 1077, 141
Papendrecht, 2010, 1077, 135
Papendrecht, 2012, 1079, 136
Papendrecht, 2015, 1079, 136
Peel en Maas, 1996, NaN, NaN
Peel en Maas, 2000, NaN, NaN
Peel en Maas, 2003, NaN, NaN
Peel en Maas, 2006, NaN, NaN
Peel en Maas, 2008, NaN, NaN
Peel en Maas, 2010, 16131, 11353
Peel en Maas, 2012, 16135, 11230
Peel en Maas, 2015, 16135, 11221
Pekela, 1996, 5020, 4071
Pekela, 2000, 5020, 3997
Pekela, 2003, 5020, 3975
Pekela, 2006, 5020, 3973
Pekela, 2008, 5020, 3975
Pekela, 2010, 5020, 3967
Pekela, 2012, 5020, 3990
Pekela, 2015, 5020, 4013
Pijnacker-Nootdorp, 1996, NaN, NaN
Pijnacker-Nootdorp, 2000, NaN, NaN
Pijnacker-Nootdorp, 2003, 3860, 2478
Pijnacker-Nootdorp, 2006, 3860, 2325
Pijnacker-Nootdorp, 2008, 3860, 2258
Pijnacker-Nootdorp, 2010, 3860, 2288
Pijnacker-Nootdorp, 2012, 3861, 2193
Pijnacker-Nootdorp, 2015, 3862, 2220
Purmerend, 1996, 2322, 443
Purmerend, 2000, 2456, 465
Purmerend, 2003, 2456, 384
Purmerend, 2006, 2456, 389
Purmerend, 2008, 2456, 379
Purmerend, 2010, 2456, 384
Purmerend, 2012, 2456, 263
Purmerend, 2015, 2456, 253
Putten, 1996, 8745, 4805
Putten, 2000, 8745, 4758
Putten, 2003, 8745, 4815
Putten, 2006, 8745, 4806
Putten, 2008, 8745, 4790
Putten, 2010, 8745, 4747
Putten, 2012, 8741, 4738
Putten, 2015, 8750, 4707
Raalte, 1996, 13869, 11514
Raalte, 2000, 13574, 11184
Raalte, 2003, 17231, 14152
Raalte, 2006, 17231, 14092
Raalte, 2008, 17231, 14079
Raalte, 2010, 17231, 14024
Raalte, 2012, 17229, 13978
Raalte, 2015, 17229, 13947
Reimerswaal, 1996, 24415, 7937
Reimerswaal, 2000, 24333, 7856
Reimerswaal, 2003, 24318, 7701
Reimerswaal, 2006, 24308, 7578
Reimerswaal, 2008, 24308, 7404
Reimerswaal, 2010, 24308, 7586
Reimerswaal, 2012, 24242, 7568
Reimerswaal, 2015, 24242, 7556
Renkum, 1996, 4712, 1687
Renkum, 2000, 4712, 1690
Renkum, 2003, 4712, 1565
Renkum, 2006, 4712, 1569
Renkum, 2008, 4712, 1557
Renkum, 2010, 4712, 1563
Renkum, 2012, 4723, 1549
Renkum, 2015, 4723, 1535
Renswoude, 1996, 1852, 1568
Renswoude, 2000, 1852, 1553
Renswoude, 2003, 1852, 1567
Renswoude, 2006, 1852, 1563
Renswoude, 2008, 1852, 1540
Renswoude, 2010, 1852, 1527
Renswoude, 2012, 1851, 1524
Renswoude, 2015, 1851, 1513
Reusel-De Mierden, 1996, NaN, NaN
Reusel-De Mierden, 2000, 7865, 4950
Reusel-De Mierden, 2003, 7865, 4942
Reusel-De Mierden, 2006, 7865, 4938
Reusel-De Mierden, 2008, 7865, 4924
Reusel-De Mierden, 2010, 7865, 4898
Reusel-De Mierden, 2012, 7866, 4867
Reusel-De Mierden, 2015, 7866, 4831
Rheden, 1996, 8439, 2537
Rheden, 2000, 8439, 2527
Rheden, 2003, 8439, 2521
Rheden, 2006, 8439, 2556
Rheden, 2008, 8439, 2557
Rheden, 2010, 8439, 2557
Rheden, 2012, 8435, 2540
Rheden, 2015, 8435, 2500
Rhenen, 1996, 4300, 2230
Rhenen, 2000, 4300, 2223
Rhenen, 2003, 4300, 2194
Rhenen, 2006, 4374, 2221
Rhenen, 2008, 4374, 2215
Rhenen, 2010, 4374, 2217
Rhenen, 2012, 4376, 2197
Rhenen, 2015, 4376, 2197
Ridderkerk, 1996, 2510, 1014
Ridderkerk, 2000, 2510, 962
Ridderkerk, 2003, 2510, 951
Ridderkerk, 2006, 2510, 939
Ridderkerk, 2008, 2510, 939
Ridderkerk, 2010, 2510, 917
Ridderkerk, 2012, 2526, 891
Ridderkerk, 2015, 2526, 919
Rijnwaarden, 1996, 4486, 2907
Rijnwaarden, 2000, 4485, 2861
Rijnwaarden, 2003, 4485, 2817
Rijnwaarden, 2006, 4814, 3073
Rijnwaarden, 2008, 4814, 3078
Rijnwaarden, 2010, 4814, 3091
Rijnwaarden, 2012, 4811, 3035
Rijnwaarden, 2015, 4811, 3037
Rijssen-Holten, 1996, NaN, NaN
Rijssen-Holten, 2000, NaN, NaN
Rijssen-Holten, 2003, NaN, NaN
Rijssen-Holten, 2006, 9440, 5506
Rijssen-Holten, 2008, 9440, 5506
Rijssen-Holten, 2010, 9436, 5454
Rijssen-Holten, 2012, 9438, 5450
Rijssen-Holten, 2015, 9438, 5347
Rijswijk (ZH.), 1996, 1815, 422
Rijswijk (ZH.), 2000, 1815, 236
Rijswijk (ZH.), 2003, 1448, 188
Rijswijk (ZH.), 2006, 1448, 180
Rijswijk (ZH.), 2008, 1448, 178
Rijswijk (ZH.), 2010, 1450, 174
Rijswijk (ZH.), 2012, 1449, 167
Rijswijk (ZH.), 2015, 1449, 104
Roerdalen, 1996, 4902, 2171
Roerdalen, 2000, 4437, 1899
Roerdalen, 2003, 4437, 1882
Roerdalen, 2006, 4437, 1877
Roerdalen, 2008, 8865, 4970
Roerdalen, 2010, 8865, 4954
Roerdalen, 2012, 8873, 4980
Roerdalen, 2015, 8879, 4962
Roermond, 1996, 4167, 1578
Roermond, 2000, 4687, 1792
Roermond, 2003, 4687, 1671
Roermond, 2006, 4687, 1553
Roermond, 2008, 7119, 2869
Roermond, 2010, 7119, 2875
Roermond, 2012, 7110, 2840
Roermond, 2015, 7105, 2788
De Ronde Venen, 1996, 8480, 5883
De Ronde Venen, 2000, 8480, 5836
De Ronde Venen, 2003, 8480, 5823
De Ronde Venen, 2006, 8480, 5802
De Ronde Venen, 2008, 8480, 5731
De Ronde Venen, 2010, 8480, 5692
De Ronde Venen, 2012, 11698, 8184
De Ronde Venen, 2015, 11698, 8157
Roosendaal, 1996, NaN, NaN
Roosendaal, 2000, 10721, 7342
Roosendaal, 2003, 10721, 7320
Roosendaal, 2006, 10721, 7180
Roosendaal, 2008, 10721, 7205
Roosendaal, 2010, 10721, 7180
Roosendaal, 2012, 10716, 7142
Roosendaal, 2015, 10716, 7116
Rotterdam, 1996, 30413, 2925
Rotterdam, 2000, 30424, 2566
Rotterdam, 2003, 30422, 2282
Rotterdam, 2006, 31935, 2083
Rotterdam, 2008, 31935, 2245
Rotterdam, 2010, 31930, 2325
Rotterdam, 2012, 32579, 2293
Rotterdam, 2015, 32416, 2236
Rozendaal, 1996, 2795, 54
Rozendaal, 2000, 2795, 45
Rozendaal, 2003, 2795, 48
Rozendaal, 2006, 2795, 45
Rozendaal, 2008, 2795, 45
Rozendaal, 2010, 2795, 45
Rozendaal, 2012, 2792, 51
Rozendaal, 2015, 2792, 51
Rucphen, 1996, 6096, 4027
Rucphen, 2000, 6449, 4303
Rucphen, 2003, 6449, 4297
Rucphen, 2006, 6449, 4286
Rucphen, 2008, 6449, 4282
Rucphen, 2010, 6449, 4248
Rucphen, 2012, 6448, 4230
Rucphen, 2015, 6448, 4217
Schagen, 1996, 1935, 1306
Schagen, 2000, 1935, 1274
Schagen, 2003, 1935, 1249
Schagen, 2006, 1935, 1235
Schagen, 2008, 1935, 1235
Schagen, 2010, 1935, 1228
Schagen, 2012, 1934, 1229
Schagen, 2015, 18728, 13204
Scherpenzeel, 1996, 1384, 960
Scherpenzeel, 2000, 1384, 948
Scherpenzeel, 2003, 1384, 950
Scherpenzeel, 2006, 1384, 948
Scherpenzeel, 2008, 1384, 941
Scherpenzeel, 2010, 1384, 942
Scherpenzeel, 2012, 1381, 935
Scherpenzeel, 2015, 1381, 934
Schiedam, 1996, 1989, 346
Schiedam, 2000, 1989, 347
Schiedam, 2003, 1989, 357
Schiedam, 2006, 1989, 339
Schiedam, 2008, 1989, 300
Schiedam, 2010, 1989, 346
Schiedam, 2012, 1986, 300
Schiedam, 2015, 1986, 279
Schiermonnikoog, 1996, 19119, 297
Schiermonnikoog, 2000, 19119, 298
Schiermonnikoog, 2003, 19119, 321
Schiermonnikoog, 2006, 19907, 322
Schiermonnikoog, 2008, 19907, 305
Schiermonnikoog, 2010, 19907, 306
Schiermonnikoog, 2012, 19907, 306
Schiermonnikoog, 2015, 19907, 306
Schijndel, 1996, 4137, 2871
Schijndel, 2000, 4165, 2840
Schijndel, 2003, 4165, 2844
Schijndel, 2006, 4165, 2831
Schijndel, 2008, 4165, 2790
Schijndel, 2010, 4165, 2784
Schijndel, 2012, 4166, 2779
Schijndel, 2015, 4166, 2775
Schinnen, 1996, 2413, 1738
Schinnen, 2000, 2413, 1719
Schinnen, 2003, 2413, 1715
Schinnen, 2006, 2413, 1708
Schinnen, 2008, 2413, 1688
Schinnen, 2010, 2413, 1671
Schinnen, 2012, 2412, 1676
Schinnen, 2015, 2412, 1676
Schouwen-Duiveland, 1996, NaN, NaN
Schouwen-Duiveland, 2000, 48865, 16361
Schouwen-Duiveland, 2003, 48865, 16235
Schouwen-Duiveland, 2006, 48894, 15891
Schouwen-Duiveland, 2008, 48894, 15881
Schouwen-Duiveland, 2010, 48894, 15833
Schouwen-Duiveland, 2012, 48821, 15586
Schouwen-Duiveland, 2015, 48821, 15397
Simpelveld, 1996, 1610, 1237
Simpelveld, 2000, 1603, 1219
Simpelveld, 2003, 1603, 1208
Simpelveld, 2006, 1603, 1200
Simpelveld, 2008, 1603, 1199
Simpelveld, 2010, 1603, 1193
Simpelveld, 2012, 1603, 1192
Simpelveld, 2015, 1603, 1192
Sint Anthonis, 1996, 9951, 7783
Sint Anthonis, 2000, 9981, 7808
Sint Anthonis, 2003, 9981, 7805
Sint Anthonis, 2006, 9981, 7814
Sint Anthonis, 2008, 9981, 7798
Sint Anthonis, 2010, 9981, 7788
Sint Anthonis, 2012, 9976, 7687
Sint Anthonis, 2015, 9976, 7762
Sint-Michielsgestel, 1996, 6094, 4661
Sint-Michielsgestel, 2000, 5989, 4549
Sint-Michielsgestel, 2003, 5989, 4537
Sint-Michielsgestel, 2006, 5989, 4534
Sint-Michielsgestel, 2008, 5989, 4518
Sint-Michielsgestel, 2010, 5989, 4511
Sint-Michielsgestel, 2012, 5934, 4431
Sint-Michielsgestel, 2015, 5934, 4386
Sint-Oedenrode, 1996, 6501, 5223
Sint-Oedenrode, 2000, 6495, 5196
Sint-Oedenrode, 2003, 6495, 5113
Sint-Oedenrode, 2006, 6495, 5125
Sint-Oedenrode, 2008, 6495, 5116
Sint-Oedenrode, 2010, 6495, 5098
Sint-Oedenrode, 2012, 6494, 5084
Sint-Oedenrode, 2015, 6494, 5071
Sittard-Geleen, 1996, NaN, NaN
Sittard-Geleen, 2000, NaN, NaN
Sittard-Geleen, 2003, 8141, 3423
Sittard-Geleen, 2006, 8062, 3272
Sittard-Geleen, 2008, 8062, 3282
Sittard-Geleen, 2010, 8062, 3273
Sittard-Geleen, 2012, 8058, 3243
Sittard-Geleen, 2015, 8058, 3206
Sliedrecht, 1996, 1400, 720
Sliedrecht, 2000, 1400, 656
Sliedrecht, 2003, 1400, 662
Sliedrecht, 2006, 1400, 661
Sliedrecht, 2008, 1400, 661
Sliedrecht, 2010, 1400, 655
Sliedrecht, 2012, 1401, 653
Sliedrecht, 2015, 1401, 646
Slochteren, 1996, 15884, 13217
Slochteren, 2000, 15884, 13121
Slochteren, 2003, 15884, 12873
Slochteren, 2006, 15884, 12837
Slochteren, 2008, 15884, 12781
Slochteren, 2010, 15884, 12715
Slochteren, 2012, 15887, 12701
Slochteren, 2015, 15887, 12455
Sluis, 1996, NaN, NaN
Sluis, 2000, NaN, NaN
Sluis, 2003, 30701, 25035
Sluis, 2006, 30701, 24921
Sluis, 2008, 30701, 24936
Sluis, 2010, 30701, 24867
Sluis, 2012, 30716, 24726
Sluis, 2015, 30716, 24416
Smallingerland, 1996, 12605, 9428
Smallingerland, 2000, 12615, 9178
Smallingerland, 2003, 12615, 9029
Smallingerland, 2006, 12615, 8928
Smallingerland, 2008, 12615, 8874
Smallingerland, 2010, 12615, 8825
Smallingerland, 2012, 12617, 8876
Smallingerland, 2015, 12617, 8790
Soest, 1996, 4614, 1295
Soest, 2000, 4645, 1293
Soest, 2003, 4645, 1314
Soest, 2006, 4645, 1286
Soest, 2008, 4645, 1276
Soest, 2010, 4645, 1276
Soest, 2012, 4643, 1276
Soest, 2015, 4643, 1274
Someren, 1996, 8343, 5790
Someren, 2000, 8143, 5527
Someren, 2003, 8143, 5582
Someren, 2006, 8143, 5579
Someren, 2008, 8143, 5543
Someren, 2010, 8143, 5530
Someren, 2012, 8150, 5436
Someren, 2015, 8150, 5436
Son en Breugel, 1996, 2664, 1341
Son en Breugel, 2000, 2664, 1307
Son en Breugel, 2003, 2664, 1274
Son en Breugel, 2006, 2649, 1254
Son en Breugel, 2008, 2649, 1256
Son en Breugel, 2010, 2649, 1192
Son en Breugel, 2012, 2651, 1185
Son en Breugel, 2015, 2651, 1179
Stadskanaal, 1996, 11996, 9682
Stadskanaal, 2000, 11996, 9482
Stadskanaal, 2003, 11996, 9354
Stadskanaal, 2006, 11996, 9294
Stadskanaal, 2008, 11996, 9291
Stadskanaal, 2010, 11996, 9247
Stadskanaal, 2012, 11994, 9225
Stadskanaal, 2015, 11994, 9290
Staphorst, 1996, 13656, 11086
Staphorst, 2000, 13574, 10987
Staphorst, 2003, 13570, 10954
Staphorst, 2006, 13570, 10922
Staphorst, 2008, 13570, 10818
Staphorst, 2010, 13570, 11199
Staphorst, 2012, 13569, 11225
Staphorst, 2015, 13569, 11165
Stede Broec, 1996, 1642, 823
Stede Broec, 2000, 1642, 807
Stede Broec, 2003, 1642, 784
Stede Broec, 2006, 1642, 781
Stede Broec, 2008, 1642, 747
Stede Broec, 2010, 1642, 740
Stede Broec, 2012, 1637, 716
Stede Broec, 2015, 1637, 712
Steenbergen, 1996, 8772, 7609
Steenbergen, 2000, 15879, 12718
Steenbergen, 2003, 15879, 12724
Steenbergen, 2006, 15879, 12733
Steenbergen, 2008, 15879, 12685
Steenbergen, 2010, 15879, 12639
Steenbergen, 2012, 15914, 12543
Steenbergen, 2015, 15914, 12442
Steenwijkerland, 1996, NaN, NaN
Steenwijkerland, 2000, NaN, NaN
Steenwijkerland, 2003, 32169, 19426
Steenwijkerland, 2006, 32169, 19354
Steenwijkerland, 2008, 32169, 19184
Steenwijkerland, 2010, 32169, 19238
Steenwijkerland, 2012, 32159, 19217
Steenwijkerland, 2015, 32159, 19000
Stein (L.), 1996, 2277, 1053
Stein (L.), 2000, 2276, 997
Stein (L.), 2003, 2278, 996
Stein (L.), 2006, 2278, 976
Stein (L.), 2008, 2278, 970
Stein (L.), 2010, 2278, 963
Stein (L.), 2012, 2280, 949
Stein (L.), 2015, 2280, 951
Stichtse Vecht, 1996, NaN, NaN
Stichtse Vecht, 2000, NaN, NaN
Stichtse Vecht, 2003, NaN, NaN
Stichtse Vecht, 2006, NaN, NaN
Stichtse Vecht, 2008, NaN, NaN
Stichtse Vecht, 2010, NaN, NaN
Stichtse Vecht, 2012, 10682, 7140
Stichtse Vecht, 2015, 10682, 7121
Strijen, 1996, 5773, 4663
Strijen, 2000, 5772, 4605
Strijen, 2003, 5772, 4551
Strijen, 2006, 5772, 4392
Strijen, 2008, 5772, 4389
Strijen, 2010, 5772, 4341
Strijen, 2012, 5770, 4311
Strijen, 2015, 5770, 4312
Sdwest-Frysln, 1996, NaN, NaN
Sdwest-Frysln, 2000, NaN, NaN
Sdwest-Frysln, 2003, NaN, NaN
Sdwest-Frysln, 2006, NaN, NaN
Sdwest-Frysln, 2008, NaN, NaN
Sdwest-Frysln, 2010, NaN, NaN
Sdwest-Frysln, 2012, 81314, 37102
Sdwest-Frysln, 2015, 83872, 39338
Terneuzen, 1996, 18164, 9289
Terneuzen, 2000, 18164, 9129
Terneuzen, 2003, 31778, 20027
Terneuzen, 2006, 31778, 19786
Terneuzen, 2008, 31778, 19866
Terneuzen, 2010, 31778, 19747
Terneuzen, 2012, 31776, 19686
Terneuzen, 2015, 31776, 19653
Terschelling, 1996, 67400, 1555
Terschelling, 2000, 67400, 1541
Terschelling, 2003, 67400, 1535
Terschelling, 2006, 67400, 1483
Terschelling, 2008, 67400, 1472
Terschelling, 2010, 67400, 1481
Terschelling, 2012, 67399, 1450
Terschelling, 2015, 67399, 1368
Texel, 1996, 46328, 10316
Texel, 2000, 46328, 10295
Texel, 2003, 46328, 10234
Texel, 2006, 46328, 10194
Texel, 2008, 46328, 10159
Texel, 2010, 46328, 10146
Texel, 2012, 46316, 10114
Texel, 2015, 46316, 10002
Teylingen, 1996, NaN, NaN
Teylingen, 2000, NaN, NaN
Teylingen, 2003, NaN, NaN
Teylingen, 2006, 3363, 1834
Teylingen, 2008, 3363, 1797
Teylingen, 2010, 3363, 1793
Teylingen, 2012, 3349, 1788
Teylingen, 2015, 3349, 1758
Tholen, 1996, 25422, 12488
Tholen, 2000, 25451, 12438
Tholen, 2003, 25451, 12355
Tholen, 2006, 25441, 12034
Tholen, 2008, 25441, 12137
Tholen, 2010, 25441, 12092
Tholen, 2012, 25400, 12011
Tholen, 2015, 25400, 11965
Tiel, 1996, 3263, 1775
Tiel, 2000, 3263, 1736
Tiel, 2003, 3484, 1809
Tiel, 2006, 3484, 1738
Tiel, 2008, 3484, 1708
Tiel, 2010, 3484, 1707
Tiel, 2012, 3481, 1714
Tiel, 2015, 3551, 1764
Tilburg, 1996, 8019, 2386
Tilburg, 2000, 11889, 4404
Tilburg, 2003, 11883, 4355
Tilburg, 2006, 11915, 4189
Tilburg, 2008, 11915, 4092
Tilburg, 2010, 11915, 3905
Tilburg, 2012, 11918, 3829
Tilburg, 2015, 11915, 3842
Tubbergen, 1996, 14742, 12752
Tubbergen, 2000, 14740, 12716
Tubbergen, 2003, 14740, 12722
Tubbergen, 2006, 14740, 12701
Tubbergen, 2008, 14740, 12662
Tubbergen, 2010, 14740, 12635
Tubbergen, 2012, 14744, 12603
Tubbergen, 2015, 14744, 12585
Twenterand, 1996, NaN, NaN
Twenterand, 2000, NaN, NaN
Twenterand, 2003, 10817, 8139
Twenterand, 2006, 10817, 8102
Twenterand, 2008, 10817, 8071
Twenterand, 2010, 10817, 8006
Twenterand, 2012, 10814, 7974
Twenterand, 2015, 10814, 7938
Tynaarlo, 1996, NaN, NaN
Tynaarlo, 2000, 14765, 11331
Tynaarlo, 2003, 14765, 11324
Tynaarlo, 2006, 14765, 11240
Tynaarlo, 2008, 14765, 11203
Tynaarlo, 2010, 14766, 11158
Tynaarlo, 2012, 14770, 11067
Tynaarlo, 2015, 14770, 10861
Tytsjerksteradiel, 1996, 16142, 12907
Tytsjerksteradiel, 2000, 16142, 12646
Tytsjerksteradiel, 2003, 16142, 12550
Tytsjerksteradiel, 2006, 16142, 12505
Tytsjerksteradiel, 2008, 16142, 12429
Tytsjerksteradiel, 2010, 16142, 12365
Tytsjerksteradiel, 2012, 16141, 12303
Tytsjerksteradiel, 2015, 16141, 12086
Uden, 1996, 6759, 4458
Uden, 2000, 6759, 4400
Uden, 2003, 6759, 4307
Uden, 2006, 6759, 4228
Uden, 2008, 6759, 4226
Uden, 2010, 6759, 4185
Uden, 2012, 6753, 4162
Uden, 2015, 6753, 4114
Uitgeest, 1996, 2231, 1518
Uitgeest, 2000, 2231, 1515
Uitgeest, 2003, 2231, 1508
Uitgeest, 2006, 2231, 1491
Uitgeest, 2008, 2231, 1487
Uitgeest, 2010, 2231, 1480
Uitgeest, 2012, 2229, 1481
Uitgeest, 2015, 2229, 1475
Uithoorn, 1996, 1949, 1204
Uithoorn, 2000, 1949, 1123
Uithoorn, 2003, 1949, 1099
Uithoorn, 2006, 1949, 1086
Uithoorn, 2008, 1949, 1052
Uithoorn, 2010, 1949, 1027
Uithoorn, 2012, 1942, 1028
Uithoorn, 2015, 1942, 989
Urk, 1996, 10500, 145
Urk, 2000, 10500, 82
Urk, 2003, 10990, 484
Urk, 2006, 10990, 439
Urk, 2008, 10990, 440
Urk, 2010, 10990, 432
Urk, 2012, 10991, 419
Urk, 2015, 10991, 408
Utrecht (gemeente), 1996, 6409, 1469
Utrecht (gemeente), 2000, 6409, 1164
Utrecht (gemeente), 2003, 9932, 3198
Utrecht (gemeente), 2006, 9932, 2709
Utrecht (gemeente), 2008, 9932, 2666
Utrecht (gemeente), 2010, 9921, 2545
Utrecht (gemeente), 2012, 9921, 2454
Utrecht (gemeente), 2015, 9921, 2399
Utrechtse Heuvelrug, 1996, NaN, NaN
Utrechtse Heuvelrug, 2000, NaN, NaN
Utrechtse Heuvelrug, 2003, NaN, NaN
Utrechtse Heuvelrug, 2006, 13410, 4959
Utrechtse Heuvelrug, 2008, 13410, 4951
Utrechtse Heuvelrug, 2010, 13410, 4929
Utrechtse Heuvelrug, 2012, 13409, 4888
Utrechtse Heuvelrug, 2015, 13409, 4897
Vaals, 1996, 2390, 1492
Vaals, 2000, 2390, 1481
Vaals, 2003, 2390, 1458
Vaals, 2006, 2390, 1458
Vaals, 2008, 2390, 1458
Vaals, 2010, 2390, 1456
Vaals, 2012, 2390, 1463
Vaals, 2015, 2390, 1462
Valkenburg aan de Geul, 1996, 3691, 2529
Valkenburg aan de Geul, 2000, 3691, 2503
Valkenburg aan de Geul, 2003, 3691, 2507
Valkenburg aan de Geul, 2006, 3691, 2493
Valkenburg aan de Geul, 2008, 3691, 2491
Valkenburg aan de Geul, 2010, 3691, 2466
Valkenburg aan de Geul, 2012, 3692, 2470
Valkenburg aan de Geul, 2015, 3692, 2470
Valkenswaard, 1996, 5311, 2529
Valkenswaard, 2000, 5647, 2579
Valkenswaard, 2003, 5644, 2540
Valkenswaard, 2006, 5644, 2540
Valkenswaard, 2008, 5644, 2528
Valkenswaard, 2010, 5644, 2489
Valkenswaard, 2012, 5650, 2479
Valkenswaard, 2015, 5650, 2475
Veendam, 1996, 7871, 6106
Veendam, 2000, 7871, 5958
Veendam, 2003, 7871, 5865
Veendam, 2006, 7871, 5800
Veendam, 2008, 7871, 5767
Veendam, 2010, 7871, 5713
Veendam, 2012, 7868, 5707
Veendam, 2015, 7868, 5696
Veenendaal, 1996, 1801, 393
Veenendaal, 2000, 1981, 555
Veenendaal, 2003, 1981, 496
Veenendaal, 2006, 1981, 477
Veenendaal, 2008, 1981, 441
Veenendaal, 2010, 1981, 428
Veenendaal, 2012, 1972, 403
Veenendaal, 2015, 1972, 400
Veere, 1996, 10668, 2869
Veere, 2000, 20703, 10136
Veere, 2003, 20703, 10106
Veere, 2006, 20709, 9955
Veere, 2008, 20709, 9877
Veere, 2010, 20709, 9747
Veere, 2012, 20663, 9582
Veere, 2015, 20662, 9457
Veghel, 1996, 7891, 5949
Veghel, 2000, 7892, 5803
Veghel, 2003, 7892, 5670
Veghel, 2006, 7892, 5610
Veghel, 2008, 7892, 5575
Veghel, 2010, 7892, 5539
Veghel, 2012, 7892, 5495
Veghel, 2015, 7892, 5480
Veldhoven, 1996, 3402, 1607
Veldhoven, 2000, 3192, 1380
Veldhoven, 2003, 3192, 1318
Veldhoven, 2006, 3192, 1289
Veldhoven, 2008, 3192, 1222
Veldhoven, 2010, 3192, 1259
Veldhoven, 2012, 3193, 1265
Veldhoven, 2015, 3193, 1219
Velsen, 1996, 6304, 452
Velsen, 2000, 6304, 421
Velsen, 2003, 6304, 431
Velsen, 2006, 6303, 429
Velsen, 2008, 6303, 422
Velsen, 2010, 6305, 413
Velsen, 2012, 6317, 327
Velsen, 2015, 6317, 327
Venlo, 1996, 5420, 1827
Venlo, 2000, 5420, 1655
Venlo, 2003, 8645, 3255
Venlo, 2006, 8641, 3195
Venlo, 2008, 8641, 3132
Venlo, 2010, 12895, 5149
Venlo, 2012, 12899, 4998
Venlo, 2015, 12899, 4891
Venray, 1996, 14636, 10189
Venray, 2000, 14636, 10106
Venray, 2003, 14636, 10043
Venray, 2006, 14636, 9976
Venray, 2008, 14636, 9927
Venray, 2010, 16504, 10970
Venray, 2012, 16500, 10885
Venray, 2015, 16500, 10913
Vianen, 1996, 4237, 2959
Vianen, 2000, 4237, 2935
Vianen, 2003, 4237, 2832
Vianen, 2006, 4237, 2762
Vianen, 2008, 4237, 2729
Vianen, 2010, 4237, 2749
Vianen, 2012, 4239, 2720
Vianen, 2015, 4239, 2658
Vlaardingen, 1996, 2671, 618
Vlaardingen, 2000, 2671, 603
Vlaardingen, 2003, 2671, 541
Vlaardingen, 2006, 2671, 517
Vlaardingen, 2008, 2671, 514
Vlaardingen, 2010, 2671, 510
Vlaardingen, 2012, 2669, 496
Vlaardingen, 2015, 2669, 402
Vlagtwedde, 1996, 17051, 14569
Vlagtwedde, 2000, 17051, 14263
Vlagtwedde, 2003, 17051, 14238
Vlagtwedde, 2006, 17051, 14214
Vlagtwedde, 2008, 17051, 14187
Vlagtwedde, 2010, 17051, 14135
Vlagtwedde, 2012, 17056, 14084
Vlagtwedde, 2015, 17056, 13946
Vlieland, 1996, 31579, 4
Vlieland, 2000, 31579, 4
Vlieland, 2003, 31579, 21
Vlieland, 2006, 31579, 21
Vlieland, 2008, 31579, 9
Vlieland, 2010, 31579, 9
Vlieland, 2012, 31580, 9
Vlieland, 2015, 31580, 4
Vlissingen, 1996, 34306, 1427
Vlissingen, 2000, 34497, 1333
Vlissingen, 2003, 34497, 1259
Vlissingen, 2006, 34498, 1227
Vlissingen, 2008, 34498, 1231
Vlissingen, 2010, 34498, 1242
Vlissingen, 2012, 34483, 1224
Vlissingen, 2015, 34484, 1226
Voerendaal, 1996, 3155, 2576
Voerendaal, 2000, 3155, 2562
Voerendaal, 2003, 3155, 2568
Voerendaal, 2006, 3155, 2579
Voerendaal, 2008, 3155, 2558
Voerendaal, 2010, 3155, 2540
Voerendaal, 2012, 3152, 2538
Voerendaal, 2015, 3152, 2525
Voorschoten, 1996, 1159, 519
Voorschoten, 2000, 1159, 501
Voorschoten, 2003, 1159, 492
Voorschoten, 2006, 1159, 460
Voorschoten, 2008, 1159, 455
Voorschoten, 2010, 1159, 445
Voorschoten, 2012, 1156, 442
Voorschoten, 2015, 1156, 443
Voorst, 1996, 12654, 10225
Voorst, 2000, 12653, 10193
Voorst, 2003, 12652, 10118
Voorst, 2006, 12652, 10109
Voorst, 2008, 12652, 10092
Voorst, 2010, 12652, 10087
Voorst, 2012, 12647, 10030
Voorst, 2015, 12647, 9940
Vught, 1996, 3452, 1692
Vught, 2000, 3446, 1676
Vught, 2003, 3446, 1663
Vught, 2006, 3446, 1657
Vught, 2008, 3446, 1638
Vught, 2010, 3446, 1631
Vught, 2012, 3444, 1599
Vught, 2015, 3444, 1589
Waalre, 1996, 2188, 853
Waalre, 2000, 2271, 897
Waalre, 2003, 2271, 886
Waalre, 2006, 2271, 873
Waalre, 2008, 2271, 858
Waalre, 2010, 2271, 859
Waalre, 2012, 2266, 843
Waalre, 2015, 2266, 860
Waalwijk, 1996, 2357, 1096
Waalwijk, 2000, 6774, 4552
Waalwijk, 2003, 6774, 4441
Waalwijk, 2006, 6772, 4388
Waalwijk, 2008, 6772, 4367
Waalwijk, 2010, 6772, 4322
Waalwijk, 2012, 6765, 4258
Waalwijk, 2015, 6765, 4229
Waddinxveen, 1996, 2939, 2004
Waddinxveen, 2000, 2939, 1993
Waddinxveen, 2003, 2939, 1979
Waddinxveen, 2006, 2939, 1948
Waddinxveen, 2008, 2939, 1925
Waddinxveen, 2010, 2939, 1921
Waddinxveen, 2012, 2940, 1887
Waddinxveen, 2015, 2940, 1824
Wageningen, 1996, 3235, 1560
Wageningen, 2000, 3235, 1540
Wageningen, 2003, 3235, 1530
Wageningen, 2006, 3235, 1531
Wageningen, 2008, 3235, 1533
Wageningen, 2010, 3235, 1529
Wageningen, 2012, 3236, 1511
Wageningen, 2015, 3236, 1515
Wassenaar, 1996, 6250, 1284
Wassenaar, 2000, 6250, 1267
Wassenaar, 2003, 6250, 1190
Wassenaar, 2006, 6250, 1227
Wassenaar, 2008, 6250, 1226
Wassenaar, 2010, 6250, 1214
Wassenaar, 2012, 6240, 1207
Wassenaar, 2015, 6240, 1206
Waterland, 1996, 11564, 4533
Waterland, 2000, 11564, 4531
Waterland, 2003, 11564, 4495
Waterland, 2006, 11564, 4493
Waterland, 2008, 11564, 4494
Waterland, 2010, 11564, 4504
Waterland, 2012, 11566, 4513
Waterland, 2015, 11566, 4519
Weert, 1996, 9330, 5118
Weert, 2000, 10544, 5920
Weert, 2003, 10544, 5878
Weert, 2006, 10544, 5886
Weert, 2008, 10544, 5896
Weert, 2010, 10544, 5823
Weert, 2012, 10554, 5796
Weert, 2015, 10554, 5744
Weesp, 1996, 2188, 1592
Weesp, 2000, 2188, 1576
Weesp, 2003, 2188, 1541
Weesp, 2006, 2188, 1555
Weesp, 2008, 2188, 1546
Weesp, 2010, 2186, 1543
Weesp, 2012, 2183, 1521
Weesp, 2015, 2183, 1503
Werkendam, 1996, 8234, 5181
Werkendam, 2000, 12173, 8049
Werkendam, 2003, 12173, 7946
Werkendam, 2006, 12173, 7947
Werkendam, 2008, 12173, 7649
Werkendam, 2010, 12173, 7614
Werkendam, 2012, 12176, 7479
Werkendam, 2015, 12176, 7408
West Maas en Waal, 1996, 8515, 6587
West Maas en Waal, 2000, 8515, 6448
West Maas en Waal, 2003, 8515, 6542
West Maas en Waal, 2006, 8515, 6525
West Maas en Waal, 2008, 8515, 6533
West Maas en Waal, 2010, 8515, 6444
West Maas en Waal, 2012, 8521, 6354
West Maas en Waal, 2015, 8521, 6296
Westerveld, 1996, NaN, NaN
Westerveld, 2000, 28275, 16174
Westerveld, 2003, 28275, 16140
Westerveld, 2006, 28275, 16015
Westerveld, 2008, 28275, 15954
Westerveld, 2010, 28275, 15810
Westerveld, 2012, 28274, 15691
Westerveld, 2015, 28274, 15495
Westervoort, 1996, 784, 327
Westervoort, 2000, 784, 324
Westervoort, 2003, 784, 299
Westervoort, 2006, 784, 305
Westervoort, 2008, 784, 216
Westervoort, 2010, 784, 207
Westervoort, 2012, 784, 263
Westervoort, 2015, 784, 287
Westland, 1996, NaN, NaN
Westland, 2000, NaN, NaN
Westland, 2003, NaN, NaN
Westland, 2006, 9059, 4932
Westland, 2008, 9059, 4995
Westland, 2010, 9059, 4990
Westland, 2012, 9074, 4811
Westland, 2015, 9074, 4821
Weststellingwerf, 1996, 22836, 18853
Weststellingwerf, 2000, 22836, 18685
Weststellingwerf, 2003, 22836, 18587
Weststellingwerf, 2006, 22836, 18519
Weststellingwerf, 2008, 22836, 18468
Weststellingwerf, 2010, 22836, 18386
Weststellingwerf, 2012, 22845, 18601
Weststellingwerf, 2015, 22845, 18234
Westvoorne, 1996, 9752, 2996
Westvoorne, 2000, 9752, 2975
Westvoorne, 2003, 9752, 2958
Westvoorne, 2006, 9752, 2950
Westvoorne, 2008, 9752, 2954
Westvoorne, 2010, 9752, 2937
Westvoorne, 2012, 9748, 2901
Westvoorne, 2015, 9748, 2905
Wierden, 1996, 9681, 7675
Wierden, 2000, 9681, 7606
Wierden, 2003, 9562, 7509
Wierden, 2006, 9524, 7353
Wierden, 2008, 9524, 7344
Wierden, 2010, 9533, 7312
Wierden, 2012, 9539, 7285
Wierden, 2015, 9539, 7232
Wijchen, 1996, 6958, 4630
Wijchen, 2000, 6958, 4520
Wijchen, 2003, 6958, 4484
Wijchen, 2006, 6958, 4521
Wijchen, 2008, 6958, 4437
Wijchen, 2010, 6958, 4375
Wijchen, 2012, 6956, 4375
Wijchen, 2015, 6956, 4368
Wijdemeren, 1996, NaN, NaN
Wijdemeren, 2000, NaN, NaN
Wijdemeren, 2003, 7655, 2766
Wijdemeren, 2006, 7655, 2745
Wijdemeren, 2008, 7655, 2731
Wijdemeren, 2010, 7636, 2724
Wijdemeren, 2012, 7636, 2679
Wijdemeren, 2015, 7636, 2685
Wijk bij Duurstede, 1996, 5030, 3776
Wijk bij Duurstede, 2000, 5030, 3757
Wijk bij Duurstede, 2003, 5030, 3737
Wijk bij Duurstede, 2006, 5030, 3710
Wijk bij Duurstede, 2008, 5030, 3706
Wijk bij Duurstede, 2010, 5030, 3696
Wijk bij Duurstede, 2012, 5025, 3677
Wijk bij Duurstede, 2015, 5025, 3673
Winsum, 1996, 10253, 9483
Winsum, 2000, 10253, 9462
Winsum, 2003, 10253, 9413
Winsum, 2006, 10253, 9407
Winsum, 2008, 10253, 9410
Winsum, 2010, 10253, 9404
Winsum, 2012, 10253, 9368
Winsum, 2015, 10253, 9366
Winterswijk, 1996, 13881, 10620
Winterswijk, 2000, 13880, 10500
Winterswijk, 2003, 13880, 10557
Winterswijk, 2006, 13880, 10571
Winterswijk, 2008, 13880, 10575
Winterswijk, 2010, 13880, 10548
Winterswijk, 2012, 13882, 10521
Winterswijk, 2015, 13882, 10401
Woensdrecht, 1996, 4511, 2140
Woensdrecht, 2000, 9199, 4260
Woensdrecht, 2003, 9199, 4282
Woensdrecht, 2006, 9199, 4255
Woensdrecht, 2008, 9199, 4219
Woensdrecht, 2010, 9199, 4232
Woensdrecht, 2012, 9197, 4248
Woensdrecht, 2015, 9197, 4246
Woerden, 1996, 6914, 5477
Woerden, 2000, 6914, 5401
Woerden, 2003, 9289, 7392
Woerden, 2006, 9289, 7364
Woerden, 2008, 9289, 7335
Woerden, 2010, 9289, 7315
Woerden, 2012, 9292, 7307
Woerden, 2015, 9292, 7192
De Wolden, 1996, NaN, NaN
De Wolden, 2000, 22636, 18833
De Wolden, 2003, 22635, 18821
De Wolden, 2006, 22635, 18776
De Wolden, 2008, 22635, 18782
De Wolden, 2010, 22635, 18712
De Wolden, 2012, 22635, 18619
De Wolden, 2015, 22635, 18516
Wormerland, 1996, 4514, 3317
Wormerland, 2000, 4514, 3319
Wormerland, 2003, 4514, 3294
Wormerland, 2006, 4514, 3283
Wormerland, 2008, 4514, 3237
Wormerland, 2010, 4514, 3224
Wormerland, 2012, 4518, 3228
Wormerland, 2015, 4518, 3239
Woudenberg, 1996, 3672, 2354
Woudenberg, 2000, 3672, 2338
Woudenberg, 2003, 3672, 2327
Woudenberg, 2006, 3672, 2315
Woudenberg, 2008, 3672, 2296
Woudenberg, 2010, 3672, 2292
Woudenberg, 2012, 3682, 2292
Woudenberg, 2015, 3682, 2288
Woudrichem, 1996, 5165, 4180
Woudrichem, 2000, 5165, 4087
Woudrichem, 2003, 5165, 4128
Woudrichem, 2006, 5165, 4096
Woudrichem, 2008, 5165, 4088
Woudrichem, 2010, 5165, 4065
Woudrichem, 2012, 5170, 4056
Woudrichem, 2015, 5170, 4047
Zaanstad, 1996, 8305, 3797
Zaanstad, 2000, 8305, 3584
Zaanstad, 2003, 8304, 3537
Zaanstad, 2006, 8304, 3450
Zaanstad, 2008, 8304, 3471
Zaanstad, 2010, 8304, 3635
Zaanstad, 2012, 8324, 3647
Zaanstad, 2015, 8324, 3597
Zaltbommel, 1996, 1153, 521
Zaltbommel, 2000, 8906, 6399
Zaltbommel, 2003, 8906, 6398
Zaltbommel, 2006, 8906, 6395
Zaltbommel, 2008, 8906, 6290
Zaltbommel, 2010, 8906, 6280
Zaltbommel, 2012, 8904, 6169
Zaltbommel, 2015, 8904, 5958
Zandvoort, 1996, 4434, 5
Zandvoort, 2000, 4434, 5
Zandvoort, 2003, 4434, 10
Zandvoort, 2006, 4434, 11
Zandvoort, 2008, 4434, 11
Zandvoort, 2010, 4434, 11
Zandvoort, 2012, 4397, 10
Zandvoort, 2015, 4397, 10
Zederik, 1996, 7649, 6644
Zederik, 2000, 7649, 6610
Zederik, 2003, 7649, 6561
Zederik, 2006, 7649, 6515
Zederik, 2008, 7649, 6506
Zederik, 2010, 7649, 6487
Zederik, 2012, 7650, 6501
Zederik, 2015, 7650, 6469
Zeevang, 1996, 5523, 3500
Zeevang, 2000, 5523, 3497
Zeevang, 2003, 5523, 3478
Zeevang, 2006, 5523, 3459
Zeevang, 2008, 5523, 3461
Zeevang, 2010, 5523, 3457
Zeevang, 2012, 5521, 3453
Zeevang, 2015, 5521, 3446
Zeewolde, 1996, 26897, 17909
Zeewolde, 2000, 26897, 17641
Zeewolde, 2003, 26897, 17588
Zeewolde, 2006, 26897, 17315
Zeewolde, 2008, 26897, 17298
Zeewolde, 2010, 26897, 17252
Zeewolde, 2012, 26886, 17263
Zeewolde, 2015, 26886, 17239
Zeist, 1996, 4864, 617
Zeist, 2000, 4864, 609
Zeist, 2003, 4864, 657
Zeist, 2006, 4864, 607
Zeist, 2008, 4864, 603
Zeist, 2010, 4864, 602
Zeist, 2012, 4865, 604
Zeist, 2015, 4865, 599
Zevenaar, 1996, 2765, 1894
Zevenaar, 2000, 2765, 1866
Zevenaar, 2003, 2765, 1826
Zevenaar, 2006, 5813, 3923
Zevenaar, 2008, 5802, 3884
Zevenaar, 2010, 5802, 3815
Zevenaar, 2012, 5800, 3817
Zevenaar, 2015, 5800, 3805
Zoetermeer, 1996, 3705, 1138
Zoetermeer, 2000, 3705, 953
Zoetermeer, 2003, 3706, 853
Zoetermeer, 2006, 3706, 753
Zoetermeer, 2008, 3706, 732
Zoetermeer, 2010, 3706, 711
Zoetermeer, 2012, 3705, 707
Zoetermeer, 2015, 3705, 700
Zoeterwoude, 1996, 2191, 1777
Zoeterwoude, 2000, 2191, 1769
Zoeterwoude, 2003, 2191, 1764
Zoeterwoude, 2006, 2191, 1770
Zoeterwoude, 2008, 2191, 1756
Zoeterwoude, 2010, 2191, 1755
Zoeterwoude, 2012, 2196, 1759
Zoeterwoude, 2015, 2196, 1753
Zuidhorn, 1996, 12837, 11531
Zuidhorn, 2000, 12837, 11405
Zuidhorn, 2003, 12837, 11434
Zuidhorn, 2006, 12837, 11434
Zuidhorn, 2008, 12837, 11417
Zuidhorn, 2010, 12837, 11395
Zuidhorn, 2012, 12837, 11404
Zuidhorn, 2015, 12837, 11395
Zuidplas, 1996, NaN, NaN
Zuidplas, 2000, NaN, NaN
Zuidplas, 2003, NaN, NaN
Zuidplas, 2006, NaN, NaN
Zuidplas, 2008, NaN, NaN
Zuidplas, 2010, 6236, 4457
Zuidplas, 2012, 6242, 4140
Zuidplas, 2015, 6405, 4134
Zundert, 1996, 8938, 7341
Zundert, 2000, 12075, 9834
Zundert, 2003, 12075, 9787
Zundert, 2006, 12075, 9795
Zundert, 2008, 12075, 9784
Zundert, 2010, 12075, 9700
Zundert, 2012, 12121, 9641
Zundert, 2015, 12121, 9561
Zutphen, 1996, 2537, 1216
Zutphen, 2000, 2539, 1147
Zutphen, 2003, 2539, 1140
Zutphen, 2006, 4284, 2017
Zutphen, 2008, 4284, 2016
Zutphen, 2010, 4284, 1991
Zutphen, 2012, 4293, 1948
Zutphen, 2015, 4293, 1959
Zwartewaterland, 1996, NaN, NaN
Zwartewaterland, 2000, NaN, NaN
Zwartewaterland, 2003, 8791, 6926
Zwartewaterland, 2006, 8791, 6906
Zwartewaterland, 2008, 8791, 6898
Zwartewaterland, 2010, 8791, 6845
Zwartewaterland, 2012, 8786, 6840
Zwartewaterland, 2015, 8786, 6773
Zwijndrecht, 1996, 1638, 296
Zwijndrecht, 2000, 1638, 291
Zwijndrecht, 2003, 2277, 620
Zwijndrecht, 2006, 2277, 608
Zwijndrecht, 2008, 2277, 581
Zwijndrecht, 2010, 2277, 637
Zwijndrecht, 2012, 2277, 610
Zwijndrecht, 2015, 2277, 546
Zwolle, 1996, 10117, 5840
Zwolle, 2000, 10117, 5477
Zwolle, 2003, 11928, 6976
Zwolle, 2006, 11928, 6826
Zwolle, 2008, 11928, 6788
Zwolle, 2010, 11928, 6695
Zwolle, 2012, 11936, 6684
Zwolle, 2015, 11936, 6521
 Centraal Bureau voor de Statistiek, Den Haag/Heerlen 8-1-2019
